ood_tier,EXP_ID,EXP_NAME,RT_ARCHITECTURE,RT_HEAD_TYPE,protocol,K,n_runs,n_completed_model_seeds,model_seeds_present,repeat_seeds_present,n_query_mean,n_support_mean,mape_pct_mean,mape_pct_std,mape_pct_sem,mape_pct_ci95_low,mape_pct_ci95_high,mape_pct_n,r2_mean,r2_std,r2_sem,r2_ci95_low,r2_ci95_high,r2_n,mae_sec_mean,mae_sec_std,mae_sec_sem,mae_sec_ci95_low,mae_sec_ci95_high,mae_sec_n,rmse_sec_mean,rmse_sec_std,rmse_sec_sem,rmse_sec_ci95_low,rmse_sec_ci95_high,rmse_sec_n,median_ae_sec_mean,median_ae_sec_std,median_ae_sec_sem,median_ae_sec_ci95_low,median_ae_sec_ci95_high,median_ae_sec_n,spearman_mean,spearman_std,spearman_sem,spearman_ci95_low,spearman_ci95_high,spearman_n,order,name_short
new_report_low_overlap_ood,E1,M0 no PolyOmics × R0 device encoder + single head,R0_device_single,single,single_zero_shot_direct,0,60,10,"2004,2006,2011,2012,2016,2020,2022,2027,2032,2034",-1,2028.8333333333333,0.0,70.43592803068593,44.58144671455298,5.755440022509902,59.15526558656652,81.71659047480534,60,-5.2183730962262045,5.30547479984122,0.6849338514502724,-6.5608434450687385,-3.8759027473836705,60,248.66851411668665,163.52499695144957,21.11098632938609,207.29098091108992,290.04604732228336,60,280.0882751473543,171.7311279687514,22.17039328827963,236.63430430232623,323.5422459923824,60,235.61883449554443,160.02412778647167,20.65902606361241,195.1271434108641,276.11052558022476,60,0.7097665380036503,0.14077691311133658,0.018174221333689837,0.6741450641896183,0.7453880118176823,60,1,M0-R0
new_report_low_overlap_ood,E2,M0 no PolyOmics × R1 device encoder + multitask heads,R1_device_multi,multi,frozen_backbone_kshot_new_head,5,60,10,"2004,2006,2011,2012,2016,2020,2022,2027,2032,2034","2004,2006,2011,2012,2016,2020,2022,2027,2032,2034",2023.8333333333333,5.0,31.268398156676163,13.116963699421316,1.6933927320221995,27.94934840191265,34.587447911439675,60,-0.03735434449693961,0.6389237494923549,0.08248470137600966,-0.19902435919391853,0.12431567020003931,60,103.12983947008121,79.80617955178435,10.302933477616657,82.93608985395257,123.32358908620985,60,134.69109076370898,100.47931422254439,12.971823687408548,109.26631633638823,160.11586519102974,60,83.38135004043579,70.10367273863632,9.050345234157112,65.64267338148785,101.12002669938373,60,0.5498024548312072,0.252266284446778,0.03256743728239981,0.4859702777577035,0.6136346319047108,60,2,M0-R1
new_report_low_overlap_ood,E2,M0 no PolyOmics × R1 device encoder + multitask heads,R1_device_multi,multi,frozen_backbone_kshot_new_head,20,60,10,"2004,2006,2011,2012,2016,2020,2022,2027,2032,2034","2004,2006,2011,2012,2016,2020,2022,2027,2032,2034",2008.8333333333333,20.0,30.4149252237785,14.948190697190446,1.9298031208717077,26.632511106869952,34.197339340687044,60,0.024759633884260977,0.5709644312938232,0.07371119112259221,-0.11971430071601977,0.1692335684845417,60,92.09592127937003,60.29815129057763,7.784457858516747,76.83838387667721,107.35345868206285,60,124.6809440372513,80.89070256728125,10.442944796869927,104.21277223538624,145.14911583911635,60,69.57864189147949,47.49053860916904,6.131002171191068,57.561877635944995,81.59540614701399,60,0.578675698176441,0.17132009426161132,0.022117329064863515,0.5353257332093085,0.6220256631435735,60,2,M0-R1
new_report_low_overlap_ood,E2,M0 no PolyOmics × R1 device encoder + multitask heads,R1_device_multi,multi,frozen_backbone_kshot_new_head,100,50,10,"2004,2006,2011,2012,2016,2020,2022,2027,2032,2034","2004,2006,2011,2012,2016,2020,2022,2027,2032,2034",2325.6,100.0,25.825049155549276,18.38874418044934,2.600561141500078,20.727949318209124,30.92214899288943,50,0.4714855105007615,0.22149271094085327,0.03132379957793383,0.41009086332801115,0.5328801576735118,50,72.50303377532147,42.7323136287049,6.0432617485295115,60.658240748203625,84.34782680243931,50,100.41584407911037,60.17616734848938,8.510195199586668,83.7358614879205,117.09582667030024,50,53.53566098213196,30.559099753592868,4.321709332544334,45.065110690345065,62.00621127391885,50,0.720311017554815,0.14168083791674366,0.020036696251024312,0.6810390929028073,0.7595829422068227,50,2,M0-R1
new_report_low_overlap_ood,E2,M0 no PolyOmics × R1 device encoder + multitask heads,R1_device_multi,multi,frozen_backbone_kshot_new_head,1000,30,10,"2004,2006,2011,2012,2016,2020,2022,2027,2032,2034","2004,2006,2011,2012,2016,2020,2022,2027,2032,2034",2939.3333333333335,1000.0,18.928342384714217,2.8219188022274864,0.515209527809318,17.918531710207954,19.93815305922048,30,0.7267042927789655,0.04484368952516826,0.008187300104897596,0.7106571845733662,0.7427514009845648,30,46.564203618076526,23.472024963996823,4.285385847701815,38.16484735658097,54.96355987957208,30,62.31586298946737,32.035678883492736,5.848887989826962,50.852042529406525,73.77968344952822,30,35.762179136276245,17.274123198476072,3.1538089789762114,29.580713537482872,41.94364473506962,30,0.8583423710056415,0.03742997414684365,0.006833747055687151,0.8449482267764946,0.8717365152347883,30,2,M0-R1
new_report_low_overlap_ood,E3,M0 no PolyOmics × R2 no-device + multitask heads,R2_nodevice_multi,multi,frozen_backbone_kshot_new_head,5,60,10,"2004,2006,2011,2012,2016,2020,2022,2027,2032,2034","2004,2006,2011,2012,2016,2020,2022,2027,2032,2034",2023.8333333333333,5.0,32.04352890945177,13.597023210726398,1.755368148437968,28.603007338513358,35.48405048039019,60,-0.16700956419573582,0.8678904376441482,0.11204417371094841,-0.3866161446691947,0.05259701627772306,60,109.21613555222669,85.54352231442827,11.043621243323441,87.57063791531274,130.86163318914063,60,142.5926195445666,114.10199463005804,14.730504165708764,113.72083137977741,171.46440770935575,60,85.85343980789185,64.14692197008335,8.28133201668665,69.622029055186,102.08485056059769,60,0.521658260493509,0.3241662464011809,0.041849682457144786,0.43963288287750524,0.6036836381095129,60,3,M0-R2
new_report_low_overlap_ood,E3,M0 no PolyOmics × R2 no-device + multitask heads,R2_nodevice_multi,multi,frozen_backbone_kshot_new_head,20,60,10,"2004,2006,2011,2012,2016,2020,2022,2027,2032,2034","2004,2006,2011,2012,2016,2020,2022,2027,2032,2034",2008.8333333333333,20.0,28.436346861292108,14.797571119110536,1.9103582169544984,24.692044756061293,32.180648966522924,60,0.17971621637795138,0.44835436244636756,0.05788229929847419,0.06626690975294197,0.2931655230029608,60,84.46277291142353,52.596845682823755,6.7902235797539285,71.15393469510583,97.77161112774122,60,114.0038737566395,69.29167957536227,8.945517367537288,96.47065971626643,131.5370877970126,60,64.40709626674652,42.02563839778774,5.4254865876122285,53.77314255502655,75.04104997846649,60,0.6178534404962098,0.16449537631327912,0.021236261766315066,0.5762303674342323,0.6594765135581874,60,3,M0-R2
new_report_low_overlap_ood,E3,M0 no PolyOmics × R2 no-device + multitask heads,R2_nodevice_multi,multi,frozen_backbone_kshot_new_head,100,50,10,"2004,2006,2011,2012,2016,2020,2022,2027,2032,2034","2004,2006,2011,2012,2016,2020,2022,2027,2032,2034",2325.6,100.0,25.17813232007771,16.281089636822813,2.302493777460687,20.665244516254766,29.691020123900657,50,0.4654298284384614,0.23180247536460735,0.032781820445228295,0.401177460365814,0.5296821965111089,50,73.60385313623479,45.06910842916014,6.373734438458184,61.11133363685675,86.09637263561282,50,102.63721637428807,64.89816307524683,9.177986239411487,84.64836334504156,120.62606940353459,50,54.28290367126465,32.77226304096212,4.634697886218716,45.198895814275964,63.36691152825333,50,0.7337342772224644,0.11672975232681673,0.016508079887303656,0.7013784406433493,0.7660901138015795,50,3,M0-R2
new_report_low_overlap_ood,E3,M0 no PolyOmics × R2 no-device + multitask heads,R2_nodevice_multi,multi,frozen_backbone_kshot_new_head,1000,30,10,"2004,2006,2011,2012,2016,2020,2022,2027,2032,2034","2004,2006,2011,2012,2016,2020,2022,2027,2032,2034",2939.3333333333335,1000.0,18.930212571583375,2.8667253880871177,0.5233900537426887,17.904368066247706,19.956057076919045,30,0.7217195196574274,0.04663887292506136,0.008515054252557684,0.7050300133224143,0.7384090259924405,30,46.608023433105934,22.69595326515211,4.143695189135613,38.48638086240013,54.72966600381174,30,62.612948345896484,31.500537982857196,5.75118507558639,51.34062559774716,73.8852710940458,30,35.3286406993866,16.093057338764442,2.938176841221781,29.569814090591905,41.08746730818129,30,0.8562817473963954,0.03812993925876469,0.006961542616109078,0.8426371238688216,0.8699263709239692,30,3,M0-R2
new_report_low_overlap_ood,E4,M1 RadonPy pretrain × R0 device encoder + single head,R0_device_single,single,single_zero_shot_direct,0,60,10,"2004,2006,2011,2012,2016,2020,2022,2027,2032,2034",-1,2028.8333333333333,0.0,84.6146069763205,56.75286527730287,7.3267634022849055,70.25415070784209,98.97506324479892,60,-7.227147259291973,6.723481358489899,0.8679977109989132,-8.928422772849842,-5.525871745734103,60,288.1812183039438,186.36950682726703,24.060199872763157,241.02322655332802,335.3392100545596,60,317.5485608533833,202.86994518135222,26.19039730444629,266.2153821366686,368.88173957009803,60,278.3635619878769,183.51487834813628,23.691668920787063,231.92789090313426,324.79923307261953,60,0.7230063673325055,0.13617611714940872,0.01758026112902834,0.6885490555196099,0.757463679145401,60,4,M1-R0
new_report_low_overlap_ood,E5,M1 RadonPy pretrain × R1 device encoder + multitask heads,R1_device_multi,multi,frozen_backbone_kshot_new_head,5,60,10,"2004,2006,2011,2012,2016,2020,2022,2027,2032,2034","2004,2006,2011,2012,2016,2020,2022,2027,2032,2034",2023.8333333333333,5.0,27.87387991072294,12.282822334648445,1.585705544883931,24.765897042750435,30.981862778695447,60,0.12226973629550582,0.6035287980653117,0.07791523279545104,-0.030444119983578224,0.2749835925745899,60,93.20537146919388,73.02378443739525,9.427330033435737,74.72780460365983,111.68293833472792,60,122.85575226479945,95.55274879408384,12.335806825460917,98.67757088689605,147.03393364270283,60,73.06132996082306,59.35258882596032,7.662386269241358,58.04305287311,88.07960704853612,60,0.6482453431976177,0.1735839289327398,0.022409588864191768,0.6043225490238019,0.6921681373714336,60,5,M1-R1
new_report_low_overlap_ood,E5,M1 RadonPy pretrain × R1 device encoder + multitask heads,R1_device_multi,multi,frozen_backbone_kshot_new_head,20,60,10,"2004,2006,2011,2012,2016,2020,2022,2027,2032,2034","2004,2006,2011,2012,2016,2020,2022,2027,2032,2034",2008.8333333333333,20.0,27.72313711609814,13.896889587966994,1.7940807312759806,24.206738882797218,31.239535349399063,60,0.2648273462379403,0.32404825039402996,0.0418344492381243,0.18283182573121667,0.3468228667446639,60,83.23567968943931,56.240719275214055,7.260645637721017,69.00481423950612,97.4665451393725,60,112.47808129276441,76.66600356367233,9.897538500746046,93.07890583130217,131.87725675422666,60,62.904298186302185,42.99271016360031,5.5503350157315445,52.025641555468354,73.78295481713602,60,0.6161991129883057,0.1910531626851,0.024664857243988286,0.5678559927900886,0.6645422331865227,60,5,M1-R1
new_report_low_overlap_ood,E5,M1 RadonPy pretrain × R1 device encoder + multitask heads,R1_device_multi,multi,frozen_backbone_kshot_new_head,100,50,10,"2004,2006,2011,2012,2016,2020,2022,2027,2032,2034","2004,2006,2011,2012,2016,2020,2022,2027,2032,2034",2325.6,100.0,21.51725532856309,7.1711978493394035,1.0141605256996555,19.529500698191764,23.505009958934412,50,0.5021886854637347,0.20227103228292814,0.02860544371297231,0.446122015786309,0.5582553551411604,50,71.90343480282895,45.98325652365841,6.503014501783882,59.157526379332545,84.64934322632536,50,99.74958113111086,64.72037427547247,9.152843106223592,81.81000864291262,117.6891536193091,50,53.00857143402099,34.53778512627612,4.884380413990745,43.43518582259913,62.581957045442856,50,0.743321601685941,0.12020753960810726,0.01699991328132863,0.7100017716545368,0.7766414317173451,50,5,M1-R1
new_report_low_overlap_ood,E5,M1 RadonPy pretrain × R1 device encoder + multitask heads,R1_device_multi,multi,frozen_backbone_kshot_new_head,1000,30,10,"2004,2006,2011,2012,2016,2020,2022,2027,2032,2034","2004,2006,2011,2012,2016,2020,2022,2027,2032,2034",2939.3333333333335,1000.0,17.393995981892434,3.246727627961602,0.5927686533032701,16.232169421418025,18.555822542366844,30,0.7577268674563136,0.048617402292223756,0.008876282640918108,0.7403293534801141,0.775124381432513,30,43.3296488637001,21.889323389160346,3.996425396256185,35.49665508703798,51.16264264036222,30,58.71077444661077,30.369730223161106,5.544728769523913,47.8431060583439,69.57844283487763,30,32.5670804977417,15.69386818992253,2.86529520737778,26.95110189128125,38.18305910420215,30,0.876201745537274,0.03834593815022827,0.007000978437859315,0.8624798277990697,0.8899236632754783,30,5,M1-R1
new_report_low_overlap_ood,E6,M1 RadonPy pretrain × R2 no-device + multitask heads,R2_nodevice_multi,multi,frozen_backbone_kshot_new_head,5,60,10,"2004,2006,2011,2012,2016,2020,2022,2027,2032,2034","2004,2006,2011,2012,2016,2020,2022,2027,2032,2034",2023.8333333333333,5.0,29.310978951704747,12.418851341357925,1.6032668141368294,26.168575995996562,32.45338190741293,60,0.03917320738620074,0.8238984332370154,0.10636483036311146,-0.16930186012549775,0.2476482748978992,60,95.23715292516651,71.33457381182342,9.20925387939986,77.18701532154279,113.28729052879024,60,126.4413013005589,97.51157935949595,12.588690764057024,101.76746740300715,151.11513519811066,60,74.18355333805084,53.912644702736955,6.960092502789925,60.54177203258259,87.8253346435191,60,0.5582788181161948,0.2660370848243863,0.034345239966613934,0.4909621477816315,0.6255954884507582,60,6,M1-R2
new_report_low_overlap_ood,E6,M1 RadonPy pretrain × R2 no-device + multitask heads,R2_nodevice_multi,multi,frozen_backbone_kshot_new_head,20,60,10,"2004,2006,2011,2012,2016,2020,2022,2027,2032,2034","2004,2006,2011,2012,2016,2020,2022,2027,2032,2034",2008.8333333333333,20.0,27.328180713881736,12.891937053846885,1.6643419169967764,24.066070556568054,30.590290871195418,60,0.1904681406059674,0.3922543054988219,0.05063981308916978,0.09121410695119463,0.28972217426074015,60,83.48817713439446,53.36823431648894,6.889809424141894,69.98415066307635,96.99220360571258,60,114.05866205809086,75.6420542431811,9.765347211891948,94.91858152278265,133.1987425933991,60,62.146934509277344,38.79231221827522,5.008065972741948,52.33112520270313,71.96274381585155,60,0.6164478430840874,0.17037678148335894,0.02199554790884898,0.5733365691827434,0.6595591169854313,60,6,M1-R2
new_report_low_overlap_ood,E6,M1 RadonPy pretrain × R2 no-device + multitask heads,R2_nodevice_multi,multi,frozen_backbone_kshot_new_head,100,50,10,"2004,2006,2011,2012,2016,2020,2022,2027,2032,2034","2004,2006,2011,2012,2016,2020,2022,2027,2032,2034",2325.6,100.0,25.125881754578355,13.008505182186626,1.8396804454849016,21.52010808142795,28.73165542772876,50,0.4669998925915654,0.19680581154593527,0.02783254478421051,0.4124481048145128,0.521551680368618,50,74.04226848098459,45.68555296860441,6.460912861271477,61.37887927289249,86.70565768907669,50,103.51046657362934,64.4031716190282,9.107983876347168,85.6588181759889,121.36211497126979,50,52.66633987426758,31.214166231761318,4.414349722312514,44.01421441853505,61.31846533000011,50,0.7367400068200909,0.11511285921769777,0.016279416670921292,0.7048323501450852,0.7686476634950966,50,6,M1-R2
new_report_low_overlap_ood,E6,M1 RadonPy pretrain × R2 no-device + multitask heads,R2_nodevice_multi,multi,frozen_backbone_kshot_new_head,1000,30,10,"2004,2006,2011,2012,2016,2020,2022,2027,2032,2034","2004,2006,2011,2012,2016,2020,2022,2027,2032,2034",2939.3333333333335,1000.0,17.80851385842355,3.4091167076908135,0.6224167073233348,16.588577112069814,19.028450604777284,30,0.7465480108218406,0.05379928618985473,0.009822360874619865,0.7272961835075857,0.7657998381360955,30,44.31232007462427,22.31997306171417,4.075050909602832,36.325220291802715,52.29941985744582,30,59.83694077351626,30.701387835519593,5.605280888076263,48.85059023288679,70.82329131414573,30,33.28242492675781,15.910403879931675,2.9048290346854317,27.588960018774365,38.97588983474126,30,0.8708986963941406,0.03942411225115537,0.007197825196524524,0.8567909590089525,0.8850064337793287,30,6,M1-R2
new_report_low_overlap_ood,E7,M2 joint multitask × R0 device encoder + single head,R0_device_single,single,single_zero_shot_direct,0,60,10,"2004,2006,2011,2012,2016,2020,2022,2027,2032,2034",-1,2028.8333333333333,0.0,75.89684475782444,49.21074321650571,6.3530796310672075,63.44480868093271,88.34888083471617,60,-5.691838846528827,5.318063999428881,0.6865591101284422,-7.037494702380574,-4.346182990677081,60,262.80755809730357,173.57112173329566,22.407935461853143,218.8880045920714,306.72711160253573,60,291.48448926180896,185.0154138874147,23.885387225920983,244.66913029900383,338.2998482246141,60,249.42049026489258,164.79739487908805,21.275252195502514,207.72099596170764,291.1199845680775,60,0.7059801957207443,0.1557660747635853,0.020109313782115508,0.666565940707798,0.7453944507336907,60,7,M2-R0
new_report_low_overlap_ood,E8,M2 joint multitask × R1 device encoder + multitask heads,R1_device_multi,multi,frozen_backbone_kshot_new_head,5,60,10,"2004,2006,2011,2012,2016,2020,2022,2027,2032,2034","2004,2006,2011,2012,2016,2020,2022,2027,2032,2034",2023.8333333333333,5.0,29.901540235714986,13.839607947600761,1.786685703303252,26.399636257240612,33.403444214189356,60,0.09020492786153585,0.8222844426966085,0.10615646508031372,-0.11786174369587903,0.2982715994189507,60,95.54693550664348,71.26805021020772,9.200665719360282,77.51363069669733,113.58024031658962,60,123.89746936469119,93.53662046448753,12.075525777316134,100.22943884115156,147.56549988823082,60,77.38512003421783,58.54270102717866,7.557830204008759,62.571772834360665,92.198467234075,60,0.5791544126376604,0.2828558079386015,0.03651652778414157,0.507582018180743,0.6507268070945779,60,8,M2-R1
new_report_low_overlap_ood,E8,M2 joint multitask × R1 device encoder + multitask heads,R1_device_multi,multi,frozen_backbone_kshot_new_head,20,60,10,"2004,2006,2011,2012,2016,2020,2022,2027,2032,2034","2004,2006,2011,2012,2016,2020,2022,2027,2032,2034",2008.8333333333333,20.0,25.4536642566008,11.6438141355966,1.5032099411166713,22.507372772012122,28.399955741189476,60,0.30342777881504734,0.3443948070548358,0.04446117840812319,0.21628386913512587,0.3905716884949688,60,81.78692652150042,57.742600197822256,7.454537631095956,67.17603276455235,96.39782027844849,60,109.16755833490966,77.47683539094801,10.002216439533168,89.56321411342465,128.77190255639465,60,63.982516288757324,47.71991288948901,6.160614263448653,51.90771233239796,76.05732024511668,60,0.6534399074568518,0.1905072462353553,0.024594379733378892,0.6052349231794292,0.7016448917342744,60,8,M2-R1
new_report_low_overlap_ood,E8,M2 joint multitask × R1 device encoder + multitask heads,R1_device_multi,multi,frozen_backbone_kshot_new_head,100,50,10,"2004,2006,2011,2012,2016,2020,2022,2027,2032,2034","2004,2006,2011,2012,2016,2020,2022,2027,2032,2034",2325.6,100.0,21.797688861225808,6.359010824207268,0.8992999350871231,20.035060988455047,23.56031673399657,50,0.5023064489767729,0.2353487847341378,0.03328334432590437,0.4370710940980003,0.5675418038555454,50,72.01310757870326,48.138610701946554,6.8078276128491435,58.669765457518935,85.35644969988758,50,99.32463223891934,66.64124236970464,9.424494877262884,80.85262227948408,117.79664219835459,50,54.38058099746704,37.10209996262132,5.247029295966136,44.096403577373415,64.66475841756068,50,0.7449298446835918,0.14308090412411603,0.02023469551289294,0.7052698414783216,0.784589847888862,50,8,M2-R1
new_report_low_overlap_ood,E8,M2 joint multitask × R1 device encoder + multitask heads,R1_device_multi,multi,frozen_backbone_kshot_new_head,1000,30,10,"2004,2006,2011,2012,2016,2020,2022,2027,2032,2034","2004,2006,2011,2012,2016,2020,2022,2027,2032,2034",2939.3333333333335,1000.0,16.545423086015457,3.298153183480898,0.602157632233321,15.365194126838148,17.725652045192767,30,0.7742611806472514,0.04793994146946461,0.00875259578276771,0.7571060929130267,0.791416268381476,30,40.99762848275337,19.96878915499663,3.6457854220853934,33.851889055466,48.14336791004074,30,55.94817037027347,27.93912555406071,5.100963100976024,45.95028269236047,65.94605804818649,30,30.330135345458984,13.889884531266746,2.535934359638956,25.35970400056663,35.30056669035134,30,0.8840779409929096,0.0330786489513932,0.006039307400824222,0.8722408984872941,0.895914983498525,30,8,M2-R1
new_report_low_overlap_ood,E9,M2 joint multitask × R2 no-device + multitask heads,R2_nodevice_multi,multi,frozen_backbone_kshot_new_head,5,60,10,"2004,2006,2011,2012,2016,2020,2022,2027,2032,2034","2004,2006,2011,2012,2016,2020,2022,2027,2032,2034",2023.8333333333333,5.0,31.220039297696026,14.599459358181015,1.8847820985955697,27.525866384448708,34.91421221094334,60,0.055881286627539994,0.7860437694885681,0.10147781428731087,-0.1430152293755893,0.2547778026306693,60,99.63725765056786,85.02472380047818,10.976644643171246,78.12303414995222,121.1514811511835,60,127.73768764709725,107.09795912490301,13.8262870701184,100.63816498966519,154.83721030452932,60,82.4110152721405,73.87788640575015,9.537594123415788,63.717330790245555,101.10469975403545,60,0.5678967434118076,0.31053685156259414,0.04009013514952039,0.48932007851874765,0.6464734083048675,60,9,M2-R2
new_report_low_overlap_ood,E9,M2 joint multitask × R2 no-device + multitask heads,R2_nodevice_multi,multi,frozen_backbone_kshot_new_head,20,60,10,"2004,2006,2011,2012,2016,2020,2022,2027,2032,2034","2004,2006,2011,2012,2016,2020,2022,2027,2032,2034",2008.8333333333333,20.0,26.57564191315266,11.952589919300982,1.5430727233833117,23.551219375321367,29.60006445098395,60,0.25306115496516457,0.5420401498607273,0.06997708244621231,0.11590607337058845,0.3902162365597407,60,86.14516606415843,66.76556032188155,8.619396774228465,69.25114838667065,103.03918374164621,60,115.45864170858027,90.148904288138,11.638173499560162,92.64782164944236,138.26946176771818,60,65.22009372711182,49.16175118048878,6.346754786414195,52.78045434574,77.65973310848364,60,0.6507494557006429,0.20219513644761128,0.02610327987152449,0.5995870271524549,0.7019118842488309,60,9,M2-R2
new_report_low_overlap_ood,E9,M2 joint multitask × R2 no-device + multitask heads,R2_nodevice_multi,multi,frozen_backbone_kshot_new_head,100,50,10,"2004,2006,2011,2012,2016,2020,2022,2027,2032,2034","2004,2006,2011,2012,2016,2020,2022,2027,2032,2034",2325.6,100.0,23.903328129267422,13.613806886618523,1.9252830334584154,20.129773383688928,27.676882874845916,50,0.48239217438140614,0.19143474866652044,0.027072961787367796,0.4293291692781653,0.535455179484647,50,71.95426116754302,43.46780783117179,6.1472763361470575,59.905599548694795,84.00292278639125,50,100.15826617534148,60.52456315170301,8.559465806584528,83.3817131944358,116.93481915624716,50,52.66958613395691,30.626036920991066,4.331175677540471,44.18048180597759,61.15869046193623,50,0.7431120557003327,0.11007429025408337,0.01556685541459173,0.7126010190877329,0.7736230923129325,50,9,M2-R2
new_report_low_overlap_ood,E9,M2 joint multitask × R2 no-device + multitask heads,R2_nodevice_multi,multi,frozen_backbone_kshot_new_head,1000,30,10,"2004,2006,2011,2012,2016,2020,2022,2027,2032,2034","2004,2006,2011,2012,2016,2020,2022,2027,2032,2034",2939.3333333333335,1000.0,16.708219961456958,3.437142258814304,0.6275334495022847,15.47825440043248,17.938185522481437,30,0.7726045015388839,0.04920423281878149,0.00898342274652754,0.75499699295569,0.7902120101220779,30,41.21481189528113,19.86658180436532,3.6271249982575235,34.105646898696385,48.323976891865875,30,56.14813362145503,27.912734435492176,5.096144763990098,46.15968988403444,66.13657735887563,30,30.428781032562256,13.394321951320117,2.4454574250748804,25.63568447941549,35.221877585709024,30,0.8834255153636068,0.03492378203491559,0.006376181071305647,0.8709282004638478,0.8959228302633658,30,9,M2-R2
shimadzu_external_ood,E1,M0 no PolyOmics × R0 device encoder + single head,R0_device_single,single,single_zero_shot_direct,0,20,10,"2004,2006,2011,2012,2016,2020,2022,2027,2032,2034",-1,50.0,0.0,169.96216376127637,50.393603714968116,11.268352353785463,147.87619314785687,192.04813437469588,20,-0.20439706288366194,0.12009155334287709,0.02685328767982153,-0.25702950673611213,-0.15176461903121174,20,170.59998763561254,25.04566131969874,5.600380125228347,159.62324259016498,181.5767326810601,20,261.8823446102946,46.025737550802454,10.291667787815896,241.7106757461754,282.05401347441375,20,101.44604408740997,19.7505744173942,4.416362699196173,92.78997319698547,110.10211497783447,20,-0.03096758703481393,0.14017210223337165,0.031343434914286906,-0.09240071946681627,0.030465545397188407,20,1,M0-R0
shimadzu_external_ood,E2,M0 no PolyOmics × R1 device encoder + multitask heads,R1_device_multi,multi,frozen_backbone_kshot_new_head,5,20,10,"2004,2006,2011,2012,2016,2020,2022,2027,2032,2034","2004,2006,2011,2012,2016,2020,2022,2027,2032,2034",45.0,5.0,460.1830495246586,310.5433383211679,69.43960144458468,324.08143069327264,596.2846683560446,20,-1.5773408528712116,3.0409786783916957,0.6799835043011302,-2.910108521301427,-0.2445731844409964,20,269.5351154645284,148.6883516587635,33.24772617713888,204.36957215733622,334.7006587717206,20,364.4087193493826,182.61494081688357,40.83394213736526,284.3741927601467,444.4432459386185,20,203.74314165115356,145.26019294101587,32.481166584084654,140.08005514634763,267.40622815595947,20,-0.01818181818181818,0.17200088551935885,0.03846056722114456,-0.09356452993526151,0.05720089357162516,20,2,M0-R1
shimadzu_external_ood,E2,M0 no PolyOmics × R1 device encoder + multitask heads,R1_device_multi,multi,frozen_backbone_kshot_new_head,20,20,10,"2004,2006,2011,2012,2016,2020,2022,2027,2032,2034","2004,2006,2011,2012,2016,2020,2022,2027,2032,2034",30.0,20.0,572.3282190572413,402.04324051746363,89.89960156913463,396.12499998173746,748.5314381327452,20,-3.2939211177319003,3.679412250729227,0.8227415909876051,-4.906494636067606,-1.6813475993961944,20,275.10239684581757,76.95231113936427,17.20705987333328,241.37655949408435,308.8282341975508,20,390.63217300144015,103.67908524966445,23.183348246324545,345.1928104386441,436.0715355642362,20,182.85541999340057,72.34111086015027,16.175964145114428,151.1505302689763,214.56030971782485,20,0.08981090100111233,0.20741872862392072,0.04638023770096681,-0.0010943648927826122,0.18071616689500727,20,2,M0-R1
shimadzu_external_ood,E3,M0 no PolyOmics × R2 no-device + multitask heads,R2_nodevice_multi,multi,frozen_backbone_kshot_new_head,5,20,10,"2004,2006,2011,2012,2016,2020,2022,2027,2032,2034","2004,2006,2011,2012,2016,2020,2022,2027,2032,2034",45.0,5.0,444.908471531377,284.42943835038835,63.6003558953554,320.2517739764804,569.5651690862736,20,-2.502056253514337,4.073463788687494,0.9108541935389075,-4.287330472850596,-0.7167820341780784,20,308.22360467910767,200.64991565628443,44.86668510870513,220.28490186604563,396.1623074921697,20,407.9757348743325,224.28679053731773,50.1520510096699,309.6777148953795,506.2737548532855,20,230.44569325447083,188.13591991230598,42.068470593337246,147.99149089152982,312.89989561741186,20,0.015665349143610015,0.19063057841353123,0.04262629319227598,-0.0678821855132509,0.09921288380047094,20,3,M0-R2
shimadzu_external_ood,E3,M0 no PolyOmics × R2 no-device + multitask heads,R2_nodevice_multi,multi,frozen_backbone_kshot_new_head,20,20,10,"2004,2006,2011,2012,2016,2020,2022,2027,2032,2034","2004,2006,2011,2012,2016,2020,2022,2027,2032,2034",30.0,20.0,576.0887087929468,372.12428269205867,83.20951921777916,412.99805112609965,739.179366459794,20,-2.9461497901350513,3.542140805833379,0.7920467627719319,-4.498561445168038,-1.3937381351020648,20,289.1535086631775,89.13128120629614,19.93036036989276,250.09000233818767,328.2170149881673,20,406.5004296110772,147.17460848388595,32.90924291318862,341.9983135012275,471.0025457209269,20,183.58388221263885,58.36402974387059,13.050593794811427,158.00471837480845,209.16304605046926,20,0.07152391546162405,0.2056374934498972,0.04598194140766379,-0.018600689697396977,0.16164852062064508,20,3,M0-R2
shimadzu_external_ood,E4,M1 RadonPy pretrain × R0 device encoder + single head,R0_device_single,single,single_zero_shot_direct,0,20,10,"2004,2006,2011,2012,2016,2020,2022,2027,2032,2034",-1,50.0,0.0,201.01440923495574,78.17587284689752,17.480656588604287,166.75232232129133,235.27649614862014,20,-0.19479100752628264,0.19685017268913738,0.044017036751548375,-0.28106439955931745,-0.10851761549324783,20,182.2971830749512,32.70646529177577,7.313387969614811,167.96294265450615,196.63142349539623,20,259.40267714029335,41.014512464003545,9.171123793352432,241.42727450532257,277.3780797752641,20,124.42428016662598,49.60340967987478,11.091659595997108,102.68462735847164,146.1639329747803,20,0.17366146458583429,0.11754132727693888,0.026283039795678555,0.12214670658630432,0.22517622258536424,20,4,M1-R0
shimadzu_external_ood,E5,M1 RadonPy pretrain × R1 device encoder + multitask heads,R1_device_multi,multi,frozen_backbone_kshot_new_head,5,20,10,"2004,2006,2011,2012,2016,2020,2022,2027,2032,2034","2004,2006,2011,2012,2016,2020,2022,2027,2032,2034",45.0,5.0,502.1867947560032,350.41148706368966,78.35439051711982,348.61218934244835,655.7614001695581,20,-2.5186561424793403,3.8920212232554636,0.8702824025071102,-4.224409651393277,-0.8129026335654044,20,284.09747931162514,134.66958354595582,30.113034331034438,225.07593202279764,343.1190266004526,20,377.42182323957564,149.59401711030605,33.4502391285911,311.8593545475371,442.98429193161417,20,217.32051730155945,133.94379772650166,29.950743688093947,158.61705967289532,276.0239749302236,20,0.054980237154150166,0.1821028599986732,0.04071943738541605,-0.024829860121265285,0.13479033442956562,20,5,M1-R1
shimadzu_external_ood,E5,M1 RadonPy pretrain × R1 device encoder + multitask heads,R1_device_multi,multi,frozen_backbone_kshot_new_head,20,20,10,"2004,2006,2011,2012,2016,2020,2022,2027,2032,2034","2004,2006,2011,2012,2016,2020,2022,2027,2032,2034",30.0,20.0,579.1830204499868,330.6606036227798,73.93795871816488,434.26462136238365,724.1014195375899,20,-3.236414397599841,3.41997924565426,0.7647306074921377,-4.735286388284431,-1.737542406915251,20,303.53795766830444,92.49232363772886,20.681912305087234,263.00140955033345,344.07450578627544,20,425.83738025319497,160.64679978006328,35.921716467601975,355.4308159766951,496.24394452969483,20,200.11932456493378,60.67836314010634,13.568094474469538,173.52585939497348,226.71278973489407,20,0.2329254727474972,0.15687193087221654,0.035077630119192404,0.16417331771388008,0.3016776277811143,20,5,M1-R1
shimadzu_external_ood,E6,M1 RadonPy pretrain × R2 no-device + multitask heads,R2_nodevice_multi,multi,frozen_backbone_kshot_new_head,5,20,10,"2004,2006,2011,2012,2016,2020,2022,2027,2032,2034","2004,2006,2011,2012,2016,2020,2022,2027,2032,2034",45.0,5.0,614.0658870854834,923.8144819894266,206.5711980327113,209.18633894136923,1018.9454352295975,20,-10.905203307373514,36.25530901139803,8.10693354947467,-26.794793064343864,4.984386449596839,20,359.33347299893694,412.8384483923779,92.31348343308957,178.39904547008138,540.2679005277926,20,464.30587599573676,498.3990725243917,111.44542060873876,245.8728516026088,682.7389003888647,20,293.9698097705841,370.48373752950187,82.84268216741562,131.5981527224495,456.3414668187187,20,0.16142951251646898,0.16381109074848174,0.0366292734381992,0.08963613657759854,0.2332228884553394,20,6,M1-R2
shimadzu_external_ood,E6,M1 RadonPy pretrain × R2 no-device + multitask heads,R2_nodevice_multi,multi,frozen_backbone_kshot_new_head,20,20,10,"2004,2006,2011,2012,2016,2020,2022,2027,2032,2034","2004,2006,2011,2012,2016,2020,2022,2027,2032,2034",30.0,20.0,579.3120424652537,309.81701840849234,69.27719137476926,443.528747370706,715.0953375598015,20,-2.3134289632044465,3.422232215849466,0.7652343869429139,-3.8132883616125577,-0.8135695647963352,20,272.8004376649857,78.94765760343365,17.653232906565577,238.20010116811716,307.4007741618542,20,370.83471690119416,101.96344492287919,22.799719406761366,326.14726686394187,415.52216693844645,20,196.96666252613068,70.33829976036508,15.728121968593348,166.1395434676877,227.79378158457365,20,0.18538375973303667,0.21656985427627404,0.048426491603897226,0.0904678361893981,0.2802996832766752,20,6,M1-R2
shimadzu_external_ood,E7,M2 joint multitask × R0 device encoder + single head,R0_device_single,single,single_zero_shot_direct,0,20,10,"2004,2006,2011,2012,2016,2020,2022,2027,2032,2034",-1,50.0,0.0,190.03820735446635,72.25997880318566,16.157822465661702,158.36887532176942,221.70753938716328,20,-0.1761324163712335,0.07303659221485517,0.016331478503734807,-0.20814211423855372,-0.14412271850391328,20,171.1564600324631,21.64291270309304,4.839502403520975,161.671035321562,180.6418847433642,20,258.5304894487982,41.534186829077626,9.287326513999401,240.32732948135938,276.73364941623703,20,105.00554144382477,22.89263190884949,5.118948113206823,94.9724031419394,115.03867974571014,20,0.13838655462184868,0.082831873829206,0.01852177005857904,0.10208388530703376,0.17468922393666358,20,7,M2-R0
shimadzu_external_ood,E8,M2 joint multitask × R1 device encoder + multitask heads,R1_device_multi,multi,frozen_backbone_kshot_new_head,5,20,10,"2004,2006,2011,2012,2016,2020,2022,2027,2032,2034","2004,2006,2011,2012,2016,2020,2022,2027,2032,2034",45.0,5.0,488.2389883325128,263.09519482454533,58.82987401812342,372.9324352569909,603.5455414080348,20,-1.2670053851844556,1.575287681478653,0.35224503399043045,-1.9574056518056993,-0.576605118563212,20,255.5979927857717,81.07402591940661,18.128703316537305,220.0657342853586,291.13025128618483,20,336.3637394669398,93.06355613630862,20.809643774865375,295.57683766820367,377.150641265676,20,195.77871894836426,85.31197047906629,19.076336528564752,158.38909935237734,233.16833854435117,20,0.01175230566534915,0.19077930491695852,0.04265954944944791,-0.07186041125556875,0.09536502258626706,20,8,M2-R1
shimadzu_external_ood,E8,M2 joint multitask × R1 device encoder + multitask heads,R1_device_multi,multi,frozen_backbone_kshot_new_head,20,20,10,"2004,2006,2011,2012,2016,2020,2022,2027,2032,2034","2004,2006,2011,2012,2016,2020,2022,2027,2032,2034",30.0,20.0,715.0079873798979,346.8830719784909,77.5654129187858,562.9797780590777,867.0361967007182,20,-2.7883745719355093,2.9544238180930074,0.6606292491600437,-4.083207900289195,-1.4935412435818236,20,315.66961007118226,88.1794593077137,19.717526523122437,277.02325808586227,354.31596205650226,20,433.1939607645287,114.87773446187063,25.687442335791292,382.84657378637775,483.54134774267965,20,232.48056292533875,87.58029510418837,19.58354933424572,194.09680623021714,270.8643196204604,20,0.11163515016685203,0.14872194331491123,0.033255237499801193,0.046454884667241694,0.17681541566646236,20,8,M2-R1
shimadzu_external_ood,E9,M2 joint multitask × R2 no-device + multitask heads,R2_nodevice_multi,multi,frozen_backbone_kshot_new_head,5,20,10,"2004,2006,2011,2012,2016,2020,2022,2027,2032,2034","2004,2006,2011,2012,2016,2020,2022,2027,2032,2034",45.0,5.0,580.0381783755431,400.55277912166974,89.5663242692512,404.48818280781074,755.5881739432755,20,-3.587921095245091,7.46564262826705,1.6693684412525316,-6.859883240100054,-0.315958950390129,20,312.9187260468801,191.34501952432433,42.786047081241364,229.05807376764704,396.7793783261132,20,408.5437255048276,230.48349330362964,51.537675871853345,307.52988079599504,509.55757021366014,20,249.68406343460083,174.36747507967928,38.98975273431634,173.2641480753408,326.10397879386085,20,0.1128063241106719,0.19260781957355103,0.043068417756447465,0.02839222530803487,0.19722042291330893,20,9,M2-R2
shimadzu_external_ood,E9,M2 joint multitask × R2 no-device + multitask heads,R2_nodevice_multi,multi,frozen_backbone_kshot_new_head,20,20,10,"2004,2006,2011,2012,2016,2020,2022,2027,2032,2034","2004,2006,2011,2012,2016,2020,2022,2027,2032,2034",30.0,20.0,756.3574175456367,403.53467269889126,90.23309594328494,579.5005494967983,933.2142855944752,20,-4.245117886414373,4.485556430848617,1.003000909628884,-6.210999669286985,-2.27923610354176,20,343.6913051843643,151.85637083971142,33.95611680140115,277.13731625361805,410.24529411511054,20,475.1631840127493,202.15631971824652,45.203527297118036,386.56427051039793,563.7620975151007,20,235.17126524448395,105.99026820163057,23.700144465228032,188.71898209263702,281.6235483963309,20,0.0896996662958843,0.11993859996143909,0.026819086263993146,0.037134257218457735,0.14226507537331087,20,9,M2-R2
