ood_tier,ood_task_id,EXP_ID,EXP_NAME,name_short,order,MOLECULE_MODE,RT_ARCHITECTURE,RT_HEAD_TYPE,K,n_runs,n_completed_model_seeds,seeds_present,n_query_mean,n_support_mean,mape_pct_mean,mape_pct_std,mape_pct_sem,mape_pct_ci95_low,mape_pct_ci95_high,mape_pct_n,r2_mean,r2_std,r2_sem,r2_ci95_low,r2_ci95_high,r2_n,mae_sec_mean,mae_sec_std,mae_sec_sem,mae_sec_ci95_low,mae_sec_ci95_high,mae_sec_n,rmse_sec_mean,rmse_sec_std,rmse_sec_sem,rmse_sec_ci95_low,rmse_sec_ci95_high,rmse_sec_n,median_ae_sec_mean,median_ae_sec_std,median_ae_sec_sem,median_ae_sec_ci95_low,median_ae_sec_ci95_high,median_ae_sec_n,spearman_mean,spearman_std,spearman_sem,spearman_ci95_low,spearman_ci95_high,spearman_n,rank_mape,rank_mae,rank_r2
internal_heldout_repoRT_ood,0097,E1,M0 no PolyOmics × R0 device encoder + single head,M0-R0,1,M0_no_aux,R0_device_single,single,0,10,10,"2004,2006,2011,2012,2016,2020,2022,2027,2032,2034",96.0,0.0,23.013477476464953,13.488069538659522,4.265302098090062,14.65348536420843,31.373469588721477,10,0.949961047205457,0.01419169054242846,0.004487806596234438,0.9411649462768376,0.9587571481340765,10,53.05043391883373,14.37624368405573,4.546167423922619,44.1399457679454,61.960922069722066,10,96.81847216726959,13.397310582763856,4.236601596221155,88.51473303867613,105.12221129586305,10,19.25066828727722,13.083020671815781,4.137214399800414,11.14172806366841,27.359608510886034,10,0.9574874507636624,0.014595918908059094,0.004615634829258451,0.9484408064983159,0.9665340950290089,10,1.0,1.0,2.0
internal_heldout_repoRT_ood,0097,E7,M2 joint multitask × R0 device encoder + single head,M2-R0,7,M2_joint,R0_device_single,single,0,10,10,"2004,2006,2011,2012,2016,2020,2022,2027,2032,2034",96.0,0.0,24.51834963774006,8.827205257222454,2.791407398663544,19.047191136359512,29.989508139120606,10,0.9516333576353428,0.012037645887923408,0.0038066378672397946,0.9441723474155529,0.9590943678551328,10,53.20929650962353,7.175048000841541,2.2689494003696997,48.762155684898914,57.65643733434814,10,95.25048449744438,12.650325104367633,4.000384047140899,87.4097317650482,103.09123722984054,10,22.20852541923523,8.330821638614978,2.6344371158639475,17.045028672141893,27.372022166328566,10,0.9553612416371337,0.01310418472434432,0.004143907060851377,0.947239183797865,0.9634832994764023,10,2.0,2.0,1.0
internal_heldout_repoRT_ood,0097,E4,M1 RadonPy pretrain × R0 device encoder + single head,M1-R0,4,M1_pretrain,R0_device_single,single,0,10,10,"2004,2006,2011,2012,2016,2020,2022,2027,2032,2034",96.0,0.0,30.24138703229347,17.58401652872853,5.560554264482976,19.34270067390684,41.1400733906801,10,0.9436503586208538,0.01789448193225621,0.005658732045466051,0.9325592438117403,0.9547414734299673,10,62.94873234629631,15.25545015679136,4.824196922663352,53.49330637787614,72.40415831471648,10,102.31955581014118,17.27620482932832,5.463215658427802,91.61165311962269,113.02745850065968,10,29.503103971481323,13.393071180426315,4.2352609794907075,21.201992451679537,37.80421549128311,10,0.9480977690030382,0.013312506655622903,0.004209784239791917,0.9398465918930461,0.9563489461130303,10,3.0,3.0,3.0
internal_heldout_repoRT_ood,0097,E5,M1 RadonPy pretrain × R1 device encoder + multitask heads,M1-R1,5,M1_pretrain,R1_device_multi,multi,0,10,10,"2004,2006,2011,2012,2016,2020,2022,2027,2032,2034",96.0,0.0,51.844499712045454,6.233742750663387,1.9712825439659412,47.98078592587221,55.7082134982187,10,0.751027407287747,0.022911335039480753,0.0072452002959983,0.7368268147075903,0.7652279998679037,10,155.0822540074587,8.73946860096672,2.763662631858006,149.665475249017,160.49903276590038,10,217.60428374328848,10.124708603446495,3.201713983239344,211.32892433613935,223.8796431504376,10,78.63659477233887,24.181894417105894,7.646986449576442,63.648501331169044,93.62468821350869,10,0.9526659608887484,0.013118336299433864,0.004148382181827563,0.9445351318123664,0.9607967899651305,10,4.0,6.0,6.0
internal_heldout_repoRT_ood,0097,E2,M0 no PolyOmics × R1 device encoder + multitask heads,M0-R1,2,M0_no_aux,R1_device_multi,multi,0,10,10,"2004,2006,2011,2012,2016,2020,2022,2027,2032,2034",96.0,0.0,53.890918678445566,5.651439301627202,1.7871420251333288,50.38812030918424,57.39371704770689,10,0.7697509380085796,0.014625923984058256,0.004625123267410832,0.7606856964044544,0.7788161796127049,10,150.46760308742523,5.704358293284036,1.803876479644833,146.93200518732135,154.0032009875291,10,209.3697140922127,6.689544585151794,2.1154197398325865,205.2234914021408,213.51593678228457,10,72.49858117103577,16.391863480312825,5.183562369232314,62.338798927340434,82.6583634147311,10,0.9373594282436001,0.014329276453328425,0.004531315081473726,0.9284780506839115,0.9462408058032886,10,5.0,4.0,4.0
internal_heldout_repoRT_ood,0097,E6,M1 RadonPy pretrain × R2 no-device + multitask heads,M1-R2,6,M1_pretrain,R2_nodevice_multi,multi,0,10,10,"2004,2006,2011,2012,2016,2020,2022,2027,2032,2034",96.0,0.0,54.666819235096455,4.20375263867956,1.3293433058170248,52.06130635569509,57.27233211449782,10,0.7206138327629271,0.016672592517756022,0.005272336685599034,0.710280052859153,0.7309476126667013,10,166.27156169712543,5.3870537958482725,1.703535987273626,162.93263116206913,169.61049223218174,10,230.64495412118805,6.860364988027371,2.169437894224026,226.39285584850896,234.89705239386714,10,78.48257303237915,17.756319510178887,5.615041251385063,67.47709217966442,89.48805388509388,10,0.943494264797117,0.015986726417568948,0.005055446780950195,0.9335855891064546,0.9534029404877793,10,6.0,8.0,8.0
internal_heldout_repoRT_ood,0097,E3,M0 no PolyOmics × R2 no-device + multitask heads,M0-R2,3,M0_no_aux,R2_nodevice_multi,multi,0,10,10,"2004,2006,2011,2012,2016,2020,2022,2027,2032,2034",96.0,0.0,56.44803310224821,5.318061351540336,1.681718660738086,53.15186452720156,59.74420167729486,10,0.7222728909533893,0.021186635489556765,0.006699802410275591,0.7091412782292491,0.7354045036775295,10,166.01616291701794,5.562835139739491,1.7591229289597836,162.56828197625677,169.4640438577791,10,229.8972839989598,8.853366660063802,2.79968036063993,224.40991049210555,235.38465750581406,10,76.13041663169861,13.412912468592383,4.24153534572236,67.81700735408279,84.44382590931443,10,0.9372371932890248,0.016465359650433848,0.005206803898920479,0.9270318576471406,0.947442528930909,10,7.0,7.0,7.0
internal_heldout_repoRT_ood,0097,E8,M2 joint multitask × R1 device encoder + multitask heads,M2-R1,8,M2_joint,R1_device_multi,multi,0,10,10,"2004,2006,2011,2012,2016,2020,2022,2027,2032,2034",96.0,0.0,57.29116356958961,7.897658940916397,2.4974590436488984,52.396143844037766,62.18618329514145,10,0.7547264803159828,0.015236839247172212,0.004818311636290947,0.7452825895088525,0.764170371123113,10,154.89648278057575,5.725203836092238,1.810468419078479,151.34796467918193,158.44500088196958,10,216.098671958163,6.696320870582006,2.117562589436075,211.9482492828683,220.24909463345773,10,85.54982542991638,28.38658412896671,8.97662608395217,67.95563830537013,103.14401255446263,10,0.9471837231760475,0.011827790077790643,0.0037402756332158564,0.9398527829349445,0.9545146634171505,10,8.0,5.0,5.0
internal_heldout_repoRT_ood,0097,E9,M2 joint multitask × R2 no-device + multitask heads,M2-R2,9,M2_joint,R2_nodevice_multi,multi,0,10,10,"2004,2006,2011,2012,2016,2020,2022,2027,2032,2034",96.0,0.0,57.46053234155339,5.983210909687538,1.8920574195780628,53.752099799180385,61.16896488392639,10,0.7120189643746032,0.010872007025983184,0.003438030493946028,0.705280424606469,0.7187575041427374,10,168.80750659108162,3.35193607927955,1.0599752581818105,166.72995508504528,170.88505809711796,10,234.22159458522145,4.412635225639757,1.395397779651266,231.48661493710497,236.95657423333793,10,91.17830157279968,24.546717051275166,7.762353496172169,75.96408872030223,106.39251442529714,10,0.9418400184118649,0.012698937319094107,0.004015756579204982,0.9339691355166232,0.9497109013071067,10,9.0,9.0,9.0
internal_heldout_repoRT_ood,0097,E4,M1 RadonPy pretrain × R0 device encoder + single head,M1-R0,4,M1_pretrain,R0_device_single,single,5,10,10,"2004,2006,2011,2012,2016,2020,2022,2027,2032,2034",91.0,5.0,42.21519997782103,16.99270925577331,5.373566486526838,31.68300966422843,52.74739029141363,10,0.7874911328356994,0.28720959430767395,0.09082364838651806,0.6094767819981239,0.9655054836732748,10,108.74359635468367,70.28135634968676,22.224916311094752,65.18276038493796,152.3044323244294,10,176.25229497820789,104.19060635994636,32.947962689145584,111.67428810748254,240.83030184893323,10,53.84840726852417,31.32694279591296,9.90644913648883,34.43176696100606,73.26504757604228,10,0.8910515355796178,0.05665348686088943,0.017915405587083346,0.8559373406289345,0.9261657305303012,10,1.0,6.0,9.0
internal_heldout_repoRT_ood,0097,E1,M0 no PolyOmics × R0 device encoder + single head,M0-R0,1,M0_no_aux,R0_device_single,single,5,10,10,"2004,2006,2011,2012,2016,2020,2022,2027,2032,2034",91.0,5.0,44.69683256563561,30.883831817983918,9.766325141840792,25.554835287627657,63.838829843643566,10,0.7894107827161638,0.2848191579590003,0.09006772604017155,0.6128780396774276,0.9659435257549001,10,107.88634528170573,69.16772747161717,21.872755938810965,65.01574364163625,150.7569469217752,10,176.88692182578035,100.78494523855836,31.870998080918657,114.41976558717978,239.35407806438093,10,48.02802228927612,32.15546275085343,10.168450150940027,28.097859993433673,67.95818458511857,10,0.9247166278876128,0.037776767417316996,0.011946062767715825,0.9013023448628897,0.9481309109123358,10,2.0,5.0,8.0
internal_heldout_repoRT_ood,0097,E2,M0 no PolyOmics × R1 device encoder + multitask heads,M0-R1,2,M0_no_aux,R1_device_multi,multi,5,10,10,"2004,2006,2011,2012,2016,2020,2022,2027,2032,2034",91.0,5.0,44.861929326507855,16.206631621703213,5.12498691238905,34.81695497822532,54.90690367479039,10,0.8556497507728021,0.18436833734185842,0.05830238744185465,0.741377071386767,0.9699224301588373,10,92.26912108096448,57.12358279472323,18.064062974053204,56.8635576518202,127.67468451010876,10,148.48122789924236,79.31919679467221,25.082932404629123,99.31868038616928,197.64377541231545,10,45.688167572021484,27.62050908827774,8.734371885233838,28.568798676963162,62.80753646707981,10,0.942439047192356,0.016380935851020004,0.005180106749433185,0.932286037963467,0.9525920564212451,10,3.0,2.0,3.0
internal_heldout_repoRT_ood,0097,E5,M1 RadonPy pretrain × R1 device encoder + multitask heads,M1-R1,5,M1_pretrain,R1_device_multi,multi,5,10,10,"2004,2006,2011,2012,2016,2020,2022,2027,2032,2034",91.0,5.0,46.61064796093275,27.329034068331,8.642199390826368,29.67193715491307,63.54935876695244,10,0.8573364355547719,0.19681957636871603,0.062239814943459495,0.7353463982655913,0.9793264728439525,10,89.81555994264373,61.85450431846109,19.560111718705805,51.47774097398035,128.1533789113071,10,145.97012297797096,82.22091583429182,26.000536534136558,95.0090713710633,196.93117458487862,10,44.85861539840698,38.40475268049859,12.144649144583237,21.055103075023837,68.66212772179013,10,0.943923230773209,0.014530996498895402,0.004595104560844186,0.9349168258339544,0.9529296357124637,10,4.0,1.0,1.0
internal_heldout_repoRT_ood,0097,E7,M2 joint multitask × R0 device encoder + single head,M2-R0,7,M2_joint,R0_device_single,single,5,10,10,"2004,2006,2011,2012,2016,2020,2022,2027,2032,2034",91.0,5.0,52.91753851380101,27.955587270430335,8.840332910216937,35.590486009775816,70.24459101782621,10,0.795947472214187,0.23796296498048414,0.07525049681052154,0.6484564984655649,0.9434384459628092,10,112.94730098954923,63.819868166893166,20.181614337905735,73.391336887254,152.50326509184447,10,177.47003281989137,92.4275921206482,29.22817097462807,120.18281770962035,234.7572479301624,10,66.8794755935669,58.80249115575224,18.5949804144084,30.433313981326428,103.32563720580737,10,0.8986059050508383,0.04702843884282903,0.014871698154527309,0.8694573766679647,0.9277544334337118,10,5.0,9.0,7.0
internal_heldout_repoRT_ood,0097,E8,M2 joint multitask × R1 device encoder + multitask heads,M2-R1,8,M2_joint,R1_device_multi,multi,5,10,10,"2004,2006,2011,2012,2016,2020,2022,2027,2032,2034",91.0,5.0,56.68360685025651,28.523226753601474,9.019836275883097,39.00472774952564,74.36248595098738,10,0.8569156467562575,0.13965922785791823,0.04416412562914602,0.7703539605231313,0.9434773329893837,10,95.62648174264929,47.14261993763833,14.907805387060211,66.40718318401127,124.8457803012873,10,154.03082674702,64.09750120051083,20.26940961189913,114.30278390769772,193.75886958634229,10,60.018383502960205,60.439457054086944,19.11263448348453,22.557619915330527,97.47914709058989,10,0.9425745469262179,0.012803448129412273,0.004048805799276505,0.934638887559636,0.9505102062927998,10,6.0,3.0,2.0
internal_heldout_repoRT_ood,0097,E6,M1 RadonPy pretrain × R2 no-device + multitask heads,M1-R2,6,M1_pretrain,R2_nodevice_multi,multi,5,10,10,"2004,2006,2011,2012,2016,2020,2022,2027,2032,2034",91.0,5.0,58.60985766856244,37.249960085573406,11.779471662077258,35.522093210891015,81.69762212623387,10,0.8306412422016288,0.19499016840225422,0.061661305349091866,0.7097850837174088,0.9514974006858489,10,102.0370602450528,61.64175888850229,19.49283570665964,63.8311022599999,140.2430182301057,10,162.89160482701647,81.43724892594584,25.752719298408984,112.41627500213485,213.36693465189808,10,58.31984281539917,41.65921286294668,13.173799817669547,32.49919517276686,84.14049045803148,10,0.9269084771735786,0.026038866325504784,0.008234212527725446,0.9107694206192367,0.9430475337279205,10,7.0,4.0,4.0
internal_heldout_repoRT_ood,0097,E3,M0 no PolyOmics × R2 no-device + multitask heads,M0-R2,3,M0_no_aux,R2_nodevice_multi,multi,5,10,10,"2004,2006,2011,2012,2016,2020,2022,2027,2032,2034",91.0,5.0,64.24671985964147,35.95812203664172,11.370956601808041,41.959644920097716,86.53379479918523,10,0.8195462943811627,0.16778888780969714,0.05305950515451038,0.7155496642783223,0.923542924484003,10,109.42363470727271,50.61051792172288,16.004451019341566,78.05491070936324,140.79235870518218,10,173.51993486189693,70.51771219448788,22.299658591881233,129.8126040218097,217.22726570198415,10,62.02014398574829,30.918776908745404,9.777375749825552,42.85648751609021,81.18380045540637,10,0.9285830554179448,0.025271692822540794,0.007991610964735833,0.9129194979270626,0.944246612908827,10,8.0,7.0,5.0
internal_heldout_repoRT_ood,0097,E9,M2 joint multitask × R2 no-device + multitask heads,M2-R2,9,M2_joint,R2_nodevice_multi,multi,5,10,10,"2004,2006,2011,2012,2016,2020,2022,2027,2032,2034",91.0,5.0,65.05461987345103,30.341623460748778,9.594863804316665,46.24868681699037,83.86055292991169,10,0.818727488174323,0.15693662822391855,0.0496277193494648,0.721457158249372,0.9159978180992739,10,109.62083923423684,51.19926552308677,16.19062935806864,77.8872056924223,141.35447277605138,10,174.5186769696067,69.2334145251089,21.893528008992885,131.60736207198065,217.42999186723276,10,58.52761745452881,29.581708423047534,9.354557569581798,40.19268461814848,76.86255029090913,10,0.9265346526139817,0.014803190583750873,0.0046811798882210294,0.9173595400330685,0.9357097651948949,10,9.0,8.0,6.0
internal_heldout_repoRT_ood,0097,E5,M1 RadonPy pretrain × R1 device encoder + multitask heads,M1-R1,5,M1_pretrain,R1_device_multi,multi,20,10,10,"2004,2006,2011,2012,2016,2020,2022,2027,2032,2034",76.0,20.0,35.95269379862482,11.131192268812129,3.519992064270357,29.05350935265492,42.85187824459472,10,0.934136946040652,0.0511819650310139,0.016185158462109446,0.9024140354549175,0.9658598566263865,10,62.45774418429325,23.17252435051686,7.327795608334724,48.09526479195719,76.8202235766293,10,107.09952827522825,35.932756103994116,11.362935189593955,84.8281753036241,129.3708812468324,10,26.65246081352234,7.166667841211168,2.266299361210922,22.21051406554893,31.094407561495746,10,0.9038970867192365,0.04650548396552242,0.014706325301949031,0.8750726891274164,0.9327214843110566,10,1.0,2.0,2.0
internal_heldout_repoRT_ood,0097,E1,M0 no PolyOmics × R0 device encoder + single head,M0-R0,1,M0_no_aux,R0_device_single,single,20,10,10,"2004,2006,2011,2012,2016,2020,2022,2027,2032,2034",76.0,20.0,36.60921775488404,17.76300695217956,5.617156006229303,25.59959198267461,47.618843527093475,10,0.9376238320737341,0.043885543677459914,0.013877827437557513,0.9104232902961213,0.9648243738513469,10,60.66416629992034,19.104501083930394,6.041373698637567,48.82307385059071,72.50525874924998,10,104.47654332712457,33.68031994987163,10.650652336480244,83.6012647476233,125.35182190662584,10,27.063666343688965,10.020844029607133,3.1688691210858315,20.852682866360734,33.27464982101719,10,0.9188624149816906,0.048103279333999056,0.015211592561874447,0.8890476935604167,0.9486771364029646,10,2.0,1.0,1.0
internal_heldout_repoRT_ood,0097,E6,M1 RadonPy pretrain × R2 no-device + multitask heads,M1-R2,6,M1_pretrain,R2_nodevice_multi,multi,20,10,10,"2004,2006,2011,2012,2016,2020,2022,2027,2032,2034",76.0,20.0,37.25140145661465,11.855697471604671,3.749100726017019,29.903164033621294,44.59963887960801,10,0.9191583508146796,0.08157201813724854,0.02579533706502709,0.8685994901672265,0.9697172114621326,10,64.14828097192866,26.691597081270448,8.440624116431705,47.604657703722516,80.69190424013479,10,116.27712657892648,47.97770441133395,15.171882284612325,86.54023730108634,146.01401585676663,10,30.982928037643433,15.666588423921219,4.954210258401861,21.272675931175787,40.69318014411108,10,0.9094743056831316,0.04373611771888293,0.013830574800491791,0.8823663790741677,0.9365822322920955,10,3.0,3.0,7.0
internal_heldout_repoRT_ood,0097,E7,M2 joint multitask × R0 device encoder + single head,M2-R0,7,M2_joint,R0_device_single,single,20,10,10,"2004,2006,2011,2012,2016,2020,2022,2027,2032,2034",76.0,20.0,38.6159588379646,11.664557941521986,3.688657099421463,31.386190923098532,45.845726752830664,10,0.9326990797315153,0.05106193847490495,0.016147202732408415,0.9010505623759948,0.9643475970870359,10,64.57050753894605,22.36305912845501,7.071820229493782,50.709739889138234,78.43127518875386,10,108.11423384388968,36.464388094407006,11.53105198626531,85.51337195080967,130.7150957369697,10,32.84104084968567,10.97525433801187,3.4706801607761033,26.038507734564504,39.64357396480683,10,0.9242691866651012,0.030783217643350867,0.009734508146166955,0.905189550698614,0.9433488226315884,10,4.0,4.0,3.0
internal_heldout_repoRT_ood,0097,E4,M1 RadonPy pretrain × R0 device encoder + single head,M1-R0,4,M1_pretrain,R0_device_single,single,20,10,10,"2004,2006,2011,2012,2016,2020,2022,2027,2032,2034",76.0,20.0,39.37928436247576,15.069585422516814,4.765421332962399,30.039058549869456,48.719510175082064,10,0.9248919668642929,0.07507552303295502,0.023740964931257026,0.878359675599029,0.9714242581295567,10,69.11413979530334,31.57051928744161,9.983474786259153,49.546529214235406,88.68175037637128,10,111.46788363066904,47.76759332004384,15.105439323598292,81.86122255641638,141.0745447049217,10,36.33508372306824,17.04526927277206,5.39018742328416,25.770316373431285,46.89985107270519,10,0.9194266064722558,0.04831562148267843,0.015278741045182542,0.889480274023698,0.9493729389208136,10,5.0,7.0,5.0
internal_heldout_repoRT_ood,0097,E9,M2 joint multitask × R2 no-device + multitask heads,M2-R2,9,M2_joint,R2_nodevice_multi,multi,20,10,10,"2004,2006,2011,2012,2016,2020,2022,2027,2032,2034",76.0,20.0,39.78989663949354,14.980500777233225,4.737250294597967,30.504886062081525,49.07490721690556,10,0.9199977815461711,0.04914874701505765,0.01554219847109841,0.8895350725428182,0.950460490549524,10,70.44875565328097,20.754207111415646,6.56305655029374,57.58516481470524,83.3123464918567,10,119.30423291785503,35.99801739311381,11.383572621259656,96.99243058018611,141.61603525552397,10,35.25251841545105,12.363178338645607,3.909580266897662,27.589741092331632,42.915295738570464,10,0.9179399798754867,0.0247107952661869,0.007814239583525737,0.9026240702917763,0.9332558894591971,10,6.0,8.0,6.0
internal_heldout_repoRT_ood,0097,E8,M2 joint multitask × R1 device encoder + multitask heads,M2-R1,8,M2_joint,R1_device_multi,multi,20,10,10,"2004,2006,2011,2012,2016,2020,2022,2027,2032,2034",76.0,20.0,40.889578557657885,17.52450214164449,5.5417341628095285,30.02777959855121,51.75137751676456,10,0.9286349987537991,0.03524905736726197,0.011146730665448615,0.9067874066495197,0.9504825908580784,10,66.90985133773403,18.49570534909292,5.848855583449333,55.44609439417333,78.37360828129472,10,113.77703124033724,26.95121720236726,8.52272320733917,97.07249375395247,130.481568726722,10,31.55079746246338,15.410898290948708,4.873353938859416,21.999023742298924,41.102571182627834,10,0.9270735773405635,0.019196686395833377,0.006070525253880213,0.9151753478429583,0.9389718068381687,10,7.0,5.0,4.0
internal_heldout_repoRT_ood,0097,E2,M0 no PolyOmics × R1 device encoder + multitask heads,M0-R1,2,M0_no_aux,R1_device_multi,multi,20,10,10,"2004,2006,2011,2012,2016,2020,2022,2027,2032,2034",76.0,20.0,42.75801782450961,19.781495520330434,6.25545813686618,30.497319876251893,55.01871577276732,10,0.9138210349495951,0.05585415298118782,0.01766263402000373,0.8792022722703878,0.9484397976288024,10,69.02588465339258,27.735704244116377,8.770799792020652,51.83511706103211,86.21665224575305,10,122.48840339392339,39.96755220510123,12.638849746980505,97.7162578898416,147.26054889800517,10,26.89857244491577,17.096419039388014,5.406362399713406,16.302102141477498,37.495042748354045,10,0.9083198037867595,0.040389531143174104,0.01277229120387345,0.8832861130271675,0.9333534945463514,10,8.0,6.0,8.0
internal_heldout_repoRT_ood,0097,E3,M0 no PolyOmics × R2 no-device + multitask heads,M0-R2,3,M0_no_aux,R2_nodevice_multi,multi,20,10,10,"2004,2006,2011,2012,2016,2020,2022,2027,2032,2034",76.0,20.0,59.92607864152757,40.58009283326771,12.832552101420143,34.77427652274409,85.07788076031105,10,0.8837324771313085,0.05536062684255069,0.017506567351711598,0.8494196051219538,0.9180453491406633,10,87.25168720044587,24.820247103166253,7.848851293420156,71.86793866534236,102.63543573554938,10,145.16378083288427,34.63383604017995,10.952180599579554,123.69750685770835,166.6300548080602,10,35.672465085983276,12.021278010396955,3.801461889895167,28.221599781788747,43.123330390177806,10,0.9153936512358207,0.027562824424089298,0.008716130392744095,0.8983100356660423,0.9324772668055992,10,9.0,9.0,9.0
internal_heldout_repoRT_ood,0238,E7,M2 joint multitask × R0 device encoder + single head,M2-R0,7,M2_joint,R0_device_single,single,0,10,10,"2004,2006,2011,2012,2016,2020,2022,2027,2032,2034",580.0,0.0,9.384517630939815,0.7525794963979313,0.23798653289599472,8.918064026463664,9.850971235415965,10,0.9520775562596487,0.004527842786365481,0.0014318296092078108,0.9492711702256015,0.954883942293696,10,15.98117089107119,1.1462131425970574,0.36246442146260677,15.270740625004482,16.6916011571379,10,27.584433641814563,1.2928544536548854,0.4088364756642039,26.783114149512723,28.385753134116403,10,8.946523904800415,1.229030856262335,0.38865368204159967,8.18476268799888,9.70828512160195,10,0.9722552247352144,0.00232461152194467,0.0007351067084415647,0.9708144155866689,0.9736960338837599,10,1.0,1.0,1.0
internal_heldout_repoRT_ood,0238,E4,M1 RadonPy pretrain × R0 device encoder + single head,M1-R0,4,M1_pretrain,R0_device_single,single,0,10,10,"2004,2006,2011,2012,2016,2020,2022,2027,2032,2034",580.0,0.0,9.45149923819023,0.8455625568994517,0.267390358395799,8.927414135734464,9.975584340645996,10,0.9485123654034975,0.006717377425034862,0.0021242212566107135,0.9443488917405405,0.9526758390664545,10,16.869484749333612,1.9377060684929446,0.6127564612367937,15.668482085309495,18.07048741335773,10,28.56550835350376,1.8667233143067954,0.5903097434547855,27.40850125633238,29.72251545067514,10,9.645251512527466,1.9504008164014701,0.6167708930080538,8.43638056223168,10.854122462823252,10,0.9703837697365657,0.003903435264564814,0.0012343746135046758,0.9679643954940965,0.9728031439790349,10,2.0,2.0,2.0
internal_heldout_repoRT_ood,0238,E1,M0 no PolyOmics × R0 device encoder + single head,M0-R0,1,M0_no_aux,R0_device_single,single,0,10,10,"2004,2006,2011,2012,2016,2020,2022,2027,2032,2034",580.0,0.0,9.715983084587638,0.7365731939464533,0.232924895629574,9.259450289153673,10.172515880021603,10,0.9452356526395969,0.005726792884554374,0.0018109709203237528,0.9416861496357622,0.9487851556434315,10,17.18104196499134,1.0332254746930234,0.3267345836538617,16.54064218102977,17.82144174895291,10,29.480091099750336,1.5557771504782953,0.4919799327157932,28.515810431627383,30.44437176787329,10,9.394575834274292,1.0698402166158827,0.3383131816954105,8.731481998151287,10.057669670397297,10,0.9668448898191624,0.002319599056155452,0.0007335216275828044,0.9654071874291001,0.9682825922092246,10,3.0,3.0,3.0
internal_heldout_repoRT_ood,0238,E8,M2 joint multitask × R1 device encoder + multitask heads,M2-R1,8,M2_joint,R1_device_multi,multi,0,10,10,"2004,2006,2011,2012,2016,2020,2022,2027,2032,2034",580.0,0.0,119.43107004916001,7.105697887717709,2.2470189690235354,115.02691286987388,123.83522722844614,10,-5.097458175161613,0.5532156135414623,0.17494213759585098,-5.440344764849481,-4.7545715854737445,10,265.467579447812,12.738668475622505,4.028320674075223,257.5720709266246,273.3630879689994,10,311.1576005695339,14.388229942123361,4.549957811534248,302.23968325892673,320.07551788014104,10,294.41861629486084,17.49448604502872,5.532242239632178,283.5754215051818,305.2618110845399,10,0.9626115484381952,0.005785402173727581,0.001829504804906831,0.9590257190205778,0.9661973778558126,10,4.0,4.0,4.0
internal_heldout_repoRT_ood,0238,E2,M0 no PolyOmics × R1 device encoder + multitask heads,M0-R1,2,M0_no_aux,R1_device_multi,multi,0,10,10,"2004,2006,2011,2012,2016,2020,2022,2027,2032,2034",580.0,0.0,122.31589280341275,8.606155825290836,2.721505430624517,116.9817421593887,127.6500434474368,10,-6.07836590091664,0.7431660327137612,0.235009734304669,-6.538984980153791,-5.617746821679488,10,282.21437837584267,16.552259322471166,5.234283988076436,271.95518175921285,292.4735749924725,10,335.14837790379255,17.8370273290046,5.640563304632409,324.092873826713,346.2038819808721,10,308.4621584415436,24.32139067061281,7.691099038190653,293.3876043266899,323.5367125563973,10,0.9632500197212772,0.005409946049059667,0.001710775153365757,0.9598969004206803,0.9666031390218741,10,5.0,6.0,6.0
internal_heldout_repoRT_ood,0238,E5,M1 RadonPy pretrain × R1 device encoder + multitask heads,M1-R1,5,M1_pretrain,R1_device_multi,multi,0,10,10,"2004,2006,2011,2012,2016,2020,2022,2027,2032,2034",580.0,0.0,123.48081586794922,5.471842124502206,1.730348411028161,120.08933298233403,126.87229875356441,10,-5.565073822498849,0.6087729225095234,0.19251090129672818,-5.942395189040437,-5.187752455957262,10,275.75766954586425,12.353578569582158,3.90654455337245,268.10084222125425,283.41449687047424,10,322.87737317097447,14.717352189067665,4.654035404431887,313.75546377828795,331.999282563661,10,307.22904682159424,17.633849590102496,5.576312862155046,296.29947361177034,318.15862003141814,10,0.9574700746080642,0.005402371370367574,0.0017083798296446612,0.9541216501419607,0.9608184990741677,10,6.0,5.0,5.0
internal_heldout_repoRT_ood,0238,E9,M2 joint multitask × R2 no-device + multitask heads,M2-R2,9,M2_joint,R2_nodevice_multi,multi,0,10,10,"2004,2006,2011,2012,2016,2020,2022,2027,2032,2034",580.0,0.0,135.55978461105437,4.687581728969426,1.482343498173348,132.6543913546346,138.46517786747413,10,-6.727344091708048,0.2784660491711494,0.08805869664092753,-6.8999391371242655,-6.55474904629183,10,302.1564917194433,6.314272125152493,1.9967481681593644,298.2428653098509,306.0701181290357,10,350.5705333728213,6.304382711844028,1.9936208610816113,346.6630364851013,354.47803026054123,10,349.3309500217438,19.90473983679598,6.294431411736351,336.9938644547405,361.66803558874705,10,0.949971421521784,0.007612956385089548,0.00240742819044049,0.9452528622685207,0.9546899807750474,10,7.0,7.0,7.0
internal_heldout_repoRT_ood,0238,E6,M1 RadonPy pretrain × R2 no-device + multitask heads,M1-R2,6,M1_pretrain,R2_nodevice_multi,multi,0,10,10,"2004,2006,2011,2012,2016,2020,2022,2027,2032,2034",580.0,0.0,136.6506553941336,3.1936092971572596,1.009907933570644,134.67123584433514,138.63007494393204,10,-7.063166065991285,0.2772575694462376,0.087676541797242,-7.235012087913879,-6.891320044068691,10,307.8937447786331,5.345579300438314,1.6904206002434592,304.5805204021559,311.2069691551103,10,358.112012685644,6.137121512976534,1.9407282258224456,354.308185363032,361.915840008256,10,352.1590054035187,14.319686998354825,4.528282629550106,343.28357144960046,361.0344393574369,10,0.9526600107871468,0.006143757324097504,0.0019428266535489397,0.9488520705461909,0.9564679510281027,10,8.0,8.0,8.0
internal_heldout_repoRT_ood,0238,E3,M0 no PolyOmics × R2 no-device + multitask heads,M0-R2,3,M0_no_aux,R2_nodevice_multi,multi,0,10,10,"2004,2006,2011,2012,2016,2020,2022,2027,2032,2034",580.0,0.0,141.38060757666685,7.22167625997035,2.283694550587257,136.90456625751582,145.85664889581787,10,-7.82538243957255,0.6967617323567329,0.22033540606919158,-8.257239835468166,-7.393525043676934,10,320.93426052208605,14.219945795539406,4.496741691803954,312.1206468061503,329.7478742380218,10,374.4450592764254,14.728016546936136,4.657407770496637,365.316540046252,383.57357850659884,10,383.20934987068176,27.23586909607349,8.612738039778355,366.3283833127162,400.0903164286473,10,0.9550073903070715,0.008126416385135426,0.0025697984991940033,0.9499705852486513,0.9600441953654917,10,9.0,9.0,9.0
internal_heldout_repoRT_ood,0238,E1,M0 no PolyOmics × R0 device encoder + single head,M0-R0,1,M0_no_aux,R0_device_single,single,5,10,10,"2004,2006,2011,2012,2016,2020,2022,2027,2032,2034",575.0,5.0,36.64097021423845,25.17222385504635,7.960156115357063,21.039064228138606,52.242876200338294,10,0.7823842251264647,0.15169130807777695,0.047969003477607325,0.6883649783103543,0.8764034719425751,10,41.82988543634829,15.570967684093421,4.923972325461239,32.17889967844426,51.48087119425232,10,56.11773532496558,18.548066960585178,5.8654137788765714,44.6215243183675,67.61394633156365,10,32.35833549499512,15.93357577202091,5.038639071046186,22.482602915744593,42.23406807424564,10,0.928204860505819,0.02717834942920762,0.008594548724023328,0.9113595450067332,0.9450501760049047,10,1.0,4.0,2.0
internal_heldout_repoRT_ood,0238,E7,M2 joint multitask × R0 device encoder + single head,M2-R0,7,M2_joint,R0_device_single,single,5,10,10,"2004,2006,2011,2012,2016,2020,2022,2027,2032,2034",575.0,5.0,40.82748111883693,32.07245221323186,10.142199914072101,20.94876928725561,60.70619295041824,10,0.8158648949486864,0.1338978068841207,0.04234220434551947,0.7328741744314683,0.8988556154659045,10,37.384692985700525,13.830906580482331,4.37371668993351,28.812208273430844,45.95717769797021,10,51.52862893818791,17.47736548944898,5.526828244588231,40.69604557879498,62.361212297580835,10,26.01027202606201,8.975896345223829,2.8384276492488314,20.4469538335343,31.57359021858972,10,0.9238320729365668,0.03545104736069538,0.01121060550982982,0.9018592861373004,0.9458048597358332,10,2.0,1.0,1.0
internal_heldout_repoRT_ood,0238,E4,M1 RadonPy pretrain × R0 device encoder + single head,M1-R0,4,M1_pretrain,R0_device_single,single,5,10,10,"2004,2006,2011,2012,2016,2020,2022,2027,2032,2034",575.0,5.0,44.27891061077844,32.20234580708857,10.183275875077305,24.319689895626922,64.23813132592996,10,0.781863318819379,0.1222785501969698,0.03866787276056553,0.7060742882086706,0.8576523494300874,10,41.70069126792576,12.386937629850362,3.917093614477485,34.02318778354989,49.37819475230163,10,57.02057897214278,15.64577733071747,4.947629212889671,47.32322571487902,66.71793222940653,10,29.088934421539307,8.653910995663248,2.736606941467138,23.725184816263717,34.4526840268149,10,0.917642225412677,0.031135260332232153,0.009845833819214445,0.8983443911270167,0.9369400596983374,10,3.0,3.0,3.0
internal_heldout_repoRT_ood,0238,E8,M2 joint multitask × R1 device encoder + multitask heads,M2-R1,8,M2_joint,R1_device_multi,multi,5,10,10,"2004,2006,2011,2012,2016,2020,2022,2027,2032,2034",575.0,5.0,48.78755033183621,41.65784478362551,13.173367193002079,22.967750633552132,74.60735003012029,10,0.7467337898647294,0.1806434353305198,0.0571244700001774,0.6347698286643817,0.8586977510650771,10,41.409010174792755,14.009610708308031,4.430227897053819,32.72576349656727,50.09225685301824,10,59.94243820737338,22.070111447016938,6.979182038632809,46.26324141165307,73.62163500309369,10,23.95799732208252,6.083720351703516,1.9238412958903741,20.187268382137386,27.728726262027653,10,0.9069086423324793,0.056843730152325446,0.017975565798133846,0.8716765333681369,0.9421407512968216,10,4.0,2.0,4.0
internal_heldout_repoRT_ood,0238,E2,M0 no PolyOmics × R1 device encoder + multitask heads,M0-R1,2,M0_no_aux,R1_device_multi,multi,5,10,10,"2004,2006,2011,2012,2016,2020,2022,2027,2032,2034",575.0,5.0,50.0050617382398,40.97423300129008,12.957190166251358,24.608969012387142,75.40115446409246,10,0.7166208470169559,0.2042082085145567,0.06457630558085889,0.5900512880784725,0.8431904059554394,10,45.71986999262934,14.571152213464183,4.607802912755082,36.68857628362938,54.7511637016293,10,63.509584311188476,23.050627557089374,7.289248457664534,49.22265733416599,77.79651128821097,10,31.17566442489624,9.296014812651661,2.939657997064269,25.413934750650274,36.93739409914221,10,0.8842571894996043,0.0897342139011281,0.02837644999723082,0.8286393475050319,0.9398750314941767,10,5.0,5.0,5.0
internal_heldout_repoRT_ood,0238,E5,M1 RadonPy pretrain × R1 device encoder + multitask heads,M1-R1,5,M1_pretrain,R1_device_multi,multi,5,10,10,"2004,2006,2011,2012,2016,2020,2022,2027,2032,2034",575.0,5.0,54.84655000154802,47.95121499848239,15.163505596763178,25.12607903189219,84.56702097120385,10,0.6312121715267138,0.32704532507755246,0.10342081253552496,0.4285073789570849,0.8339169640963427,10,48.79298166523809,22.431070935444552,7.093327451280853,34.89005986072762,62.69590346974856,10,69.44933151830324,34.03358263469432,10.762363806118833,48.35509845831032,90.54356457829616,10,29.122482776641846,10.787386282429956,3.411271065253507,22.436391488744974,35.80857406453872,10,0.8921252437981607,0.09601245496510755,0.03036180414340822,0.8326161076770806,0.9516343799192408,10,6.0,7.0,8.0
internal_heldout_repoRT_ood,0238,E6,M1 RadonPy pretrain × R2 no-device + multitask heads,M1-R2,6,M1_pretrain,R2_nodevice_multi,multi,5,10,10,"2004,2006,2011,2012,2016,2020,2022,2027,2032,2034",575.0,5.0,56.60448316874808,41.572879181664206,13.14649871050558,30.837345696157143,82.37162064133902,10,0.692010308544319,0.20448292396152246,0.06466317823294318,0.5652704792077503,0.8187501378808877,10,46.470170298037324,13.127613014260694,4.151315736633227,38.3335914542362,54.60674914183845,10,67.01294951012562,21.379088175719968,6.76066129328492,53.76205337528718,80.26384564496406,10,28.721107006072998,10.818756103653433,3.421191073739355,22.01557250154386,35.42664151060213,10,0.8802884881936711,0.07525050001722135,0.02379629751209593,0.8336477450699631,0.9269292313173791,10,7.0,6.0,6.0
internal_heldout_repoRT_ood,0238,E9,M2 joint multitask × R2 no-device + multitask heads,M2-R2,9,M2_joint,R2_nodevice_multi,multi,5,10,10,"2004,2006,2011,2012,2016,2020,2022,2027,2032,2034",575.0,5.0,57.76617414123287,39.15800727418042,12.382849161985163,33.49578978374195,82.03655849872379,10,0.6729808350697006,0.17127134664623106,0.05416075533263309,0.5668257546177398,0.7791359155216615,10,50.38464222286058,12.944723190253479,4.093480896160212,42.36141966638656,58.407864779334595,10,69.73066705418054,19.4685199060587,6.156486557547281,57.66395340138787,81.79738070697321,10,33.87843561172485,9.326687309354252,2.949357492174688,28.097694927062463,39.659176296387244,10,0.892975362744472,0.06253740644357622,0.019776064332139114,0.8542142766534793,0.9317364488354647,10,8.0,8.0,7.0
internal_heldout_repoRT_ood,0238,E3,M0 no PolyOmics × R2 no-device + multitask heads,M0-R2,3,M0_no_aux,R2_nodevice_multi,multi,5,10,10,"2004,2006,2011,2012,2016,2020,2022,2027,2032,2034",575.0,5.0,69.55517936931578,50.44155988274222,15.951021796124124,38.2911766489125,100.81918208971906,10,0.5333891200901169,0.27563938511384795,0.08716482698080698,0.3625460592077352,0.7042321809724985,10,57.932817562766694,17.58492286355578,5.56084087272066,47.033569452234204,68.83206567329918,10,82.41885680320586,26.622335318089263,8.418721623790532,65.91816242057641,98.9195511858353,10,34.72446584701538,10.2505693925514,3.2415146594071045,28.371097114577456,41.07783457945331,10,0.8163475796220666,0.15730133961576542,0.049743051218149426,0.7188511992344937,0.9138439600096395,10,9.0,9.0,9.0
internal_heldout_repoRT_ood,0238,E4,M1 RadonPy pretrain × R0 device encoder + single head,M1-R0,4,M1_pretrain,R0_device_single,single,20,10,10,"2004,2006,2011,2012,2016,2020,2022,2027,2032,2034",560.0,20.0,14.606006827511644,2.6496866726971118,0.8379044971515961,12.963714013094515,16.24829964192877,10,0.908862546809857,0.028181638729103897,0.008911816657998124,0.8913953861601807,0.9263297074595334,10,25.18834938832692,3.949916254157597,1.2490731930058536,22.740165930035445,27.636532846618394,10,37.702437201468776,5.737232171434972,1.8142721126928132,34.14646386059086,41.25841054234669,10,16.277517557144165,2.5741371557069486,0.8140136421701456,14.68205081849068,17.87298429579765,10,0.9410815416700148,0.016853944194719587,0.0053296851212686295,0.9306353588323283,0.9515277245077013,10,1.0,2.0,2.0
internal_heldout_repoRT_ood,0238,E1,M0 no PolyOmics × R0 device encoder + single head,M0-R0,1,M0_no_aux,R0_device_single,single,20,10,10,"2004,2006,2011,2012,2016,2020,2022,2027,2032,2034",560.0,20.0,15.384069656925595,3.2834047589693602,1.038303751857935,13.348994303284043,17.41914501056715,10,0.8792519310835128,0.06724347416955423,0.02126425361584908,0.8375739939964486,0.9209298681705771,10,27.70868228673935,5.991137815218948,1.8945641272056868,23.995336597416205,31.422027976062495,10,42.68100248526421,10.479176966356018,3.3138067217658684,36.185941310603106,49.17606365992531,10,17.033584356307983,3.138976265706355,0.9926314520841969,15.088026710222957,18.979142002393008,10,0.925881334367,0.04052065946316184,0.012813757619564712,0.9007663694326532,0.9509962993013469,10,2.0,6.0,7.0
internal_heldout_repoRT_ood,0238,E7,M2 joint multitask × R0 device encoder + single head,M2-R0,7,M2_joint,R0_device_single,single,20,10,10,"2004,2006,2011,2012,2016,2020,2022,2027,2032,2034",560.0,20.0,15.620101257377424,2.6606481828708857,0.8413708310260194,13.971014428566427,17.26918808618842,10,0.9151492409190108,0.025273787706595947,0.007992273425240658,0.8994843850055392,0.9308140968324825,10,24.926147639751438,3.459337333104056,1.0939385167461415,22.782028146929,27.070267132573875,10,36.42046592245114,5.150015464360359,1.6285778852468444,33.22845326736733,39.61247857753496,10,17.086796522140503,1.9650929845333571,0.6214169645143441,15.868819271692388,18.304773772588618,10,0.9479610886136853,0.01502586211076244,0.0047515948077634556,0.9386479627904689,0.9572742144369017,10,3.0,1.0,1.0
internal_heldout_repoRT_ood,0238,E5,M1 RadonPy pretrain × R1 device encoder + multitask heads,M1-R1,5,M1_pretrain,R1_device_multi,multi,20,10,10,"2004,2006,2011,2012,2016,2020,2022,2027,2032,2034",560.0,20.0,16.054402156193042,4.286856720206805,1.3556231238652665,13.39738083341712,18.711423478968964,10,0.8914803893616587,0.05317540456929036,0.016815539393988246,0.8585219321494417,0.9244388465738758,10,26.49841955218996,6.087872280368007,1.9251542510166075,22.72511722019741,30.27172188418251,10,40.5765060181334,9.424521935922408,2.9802955175734276,34.73512680368948,46.41788523257732,10,16.883319854736328,4.0879286768827505,1.2927165531268003,14.3495954106078,19.417044298864855,10,0.9386444272708637,0.02942149252483355,0.00930389285400921,0.9204087972770056,0.9568800572647218,10,4.0,3.0,5.0
internal_heldout_repoRT_ood,0238,E8,M2 joint multitask × R1 device encoder + multitask heads,M2-R1,8,M2_joint,R1_device_multi,multi,20,10,10,"2004,2006,2011,2012,2016,2020,2022,2027,2032,2034",560.0,20.0,17.808868230258806,5.914514954842285,1.8703338512429548,14.143013881822615,21.474722578694998,10,0.8876834363319951,0.04860118090183286,0.015369042862366813,0.8575601123217561,0.9178067603422341,10,28.16398807423455,7.048339826315015,2.2288807574031044,23.795381789724466,32.53259435874463,10,41.53014283470874,8.39952084620518,2.656161712807324,36.32406587760639,46.736219791811095,10,18.671017169952393,6.074195565843665,1.920829294136125,14.906191753445588,22.4358425864592,10,0.9395477542582553,0.01804432592342014,0.0057061168760428665,0.9283637651812113,0.9507317433352993,10,5.0,7.0,6.0
internal_heldout_repoRT_ood,0238,E9,M2 joint multitask × R2 no-device + multitask heads,M2-R2,9,M2_joint,R2_nodevice_multi,multi,20,10,10,"2004,2006,2011,2012,2016,2020,2022,2027,2032,2034",560.0,20.0,17.973764476237157,5.0107737560750385,1.5845457908994094,14.868054726074314,21.0794742264,10,0.9022322028350066,0.025693756588423683,0.008125079246537633,0.8863070475117928,0.9181573581582204,10,26.539123540265216,4.67699915998197,1.478996996023726,23.640289428058715,29.437957652471717,10,39.15553775436684,5.135322426096885,1.6239315385807862,35.9726319387485,42.33844356998518,10,17.590081214904785,4.1784855586352245,1.321353153540836,15.000229033964747,20.179933395844824,10,0.9433359254957423,0.0166314736135157,0.005259333746370057,0.9330276313528569,0.9536442196386277,10,6.0,4.0,3.0
internal_heldout_repoRT_ood,0238,E6,M1 RadonPy pretrain × R2 no-device + multitask heads,M1-R2,6,M1_pretrain,R2_nodevice_multi,multi,20,10,10,"2004,2006,2011,2012,2016,2020,2022,2027,2032,2034",560.0,20.0,19.078017420415584,8.73615273302525,2.7626140623464677,13.663293858216509,24.49274098261466,10,0.8928960556833612,0.03300360046762817,0.010436654846390324,0.8724402121844361,0.9133518991822862,10,27.446073869296487,5.751569624474438,1.818806013437855,23.88121408295829,31.010933655634684,10,40.85602617968168,6.3644453077877605,2.01261432161807,36.91130210931026,44.80075025005309,10,18.247339725494385,5.243583245300877,1.6581666155848171,14.997333158948143,21.497346292040625,10,0.9391589802892695,0.01679470834027259,0.005310953099348757,0.9287495122145459,0.949568448363993,10,7.0,5.0,4.0
internal_heldout_repoRT_ood,0238,E2,M0 no PolyOmics × R1 device encoder + multitask heads,M0-R1,2,M0_no_aux,R1_device_multi,multi,20,10,10,"2004,2006,2011,2012,2016,2020,2022,2027,2032,2034",560.0,20.0,19.660647765015753,10.381039054990014,3.282772789293038,13.226413098001398,26.094882432030108,10,0.8683161017160475,0.05749634707260964,0.018181941388900103,0.8326794965938032,0.9039527068382917,10,29.845186755486896,7.487903360626811,2.3678829518809894,25.204136169800158,34.486237341173634,10,44.83196373940169,9.714239502511658,3.0719122564317805,38.811015716795396,50.85291176200798,10,19.563888788223267,6.239265040552387,1.973028845360837,15.696752251316026,23.431025325130506,10,0.9276619849124359,0.03276990940330164,0.010362755243180248,0.9073509846358027,0.9479729851890691,10,8.0,8.0,8.0
internal_heldout_repoRT_ood,0238,E3,M0 no PolyOmics × R2 no-device + multitask heads,M0-R2,3,M0_no_aux,R2_nodevice_multi,multi,20,10,10,"2004,2006,2011,2012,2016,2020,2022,2027,2032,2034",560.0,20.0,22.11781270064021,7.548660768549973,2.3870961312575045,17.439104283375503,26.79652111790492,10,0.8186702945186495,0.07405027578641218,0.02341675328486787,0.7727734580803085,0.8645671309569904,10,35.56394480466843,5.9462417148841045,1.8803667336939316,31.878426006628324,39.24946360270854,10,52.736277535165854,10.674602986424997,3.375605855513843,46.12009005835872,59.35246501197299,10,23.604233264923096,4.329884163177414,1.3692295960332792,20.92054325669787,26.287923273148323,10,0.897954559566567,0.04618363319398945,0.014604547151476365,0.8693296471496733,0.9265794719834607,10,9.0,9.0,9.0
internal_heldout_repoRT_ood,0238,E5,M1 RadonPy pretrain × R1 device encoder + multitask heads,M1-R1,5,M1_pretrain,R1_device_multi,multi,100,10,10,"2004,2006,2011,2012,2016,2020,2022,2027,2032,2034",480.0,100.0,12.054334154268748,2.0199457478890954,0.6387629313301796,10.802358808861596,13.3063094996759,10,0.9288528553188004,0.009336069004473153,0.0029523242446635894,0.9230662997992597,0.934639410838341,10,19.98279995918274,1.4646965271809251,0.46317771068304464,19.07497164624397,20.890628272121507,10,33.421817585532175,2.308169966277196,0.7299074320229978,31.991199018767098,34.85243615229725,10,11.554473638534546,1.385524635437309,0.438141360225634,10.695716572492303,12.413230704576788,10,0.9593647758715902,0.003921946860783564,0.001240228494222337,0.9569339280229144,0.961795623720266,10,1.0,1.0,2.0
internal_heldout_repoRT_ood,0238,E4,M1 RadonPy pretrain × R0 device encoder + single head,M1-R0,4,M1_pretrain,R0_device_single,single,100,10,10,"2004,2006,2011,2012,2016,2020,2022,2027,2032,2034",480.0,100.0,12.927389984674932,2.9717120876707415,0.9397378747293521,11.085503750205401,14.769276219144462,10,0.931295916760447,0.014438800370384884,0.004565949585089904,0.9223466555736708,0.9402451779472232,10,20.707147973775864,2.844615599996917,0.8995464363636722,18.944036958503066,22.470258989048663,10,32.74976676253952,3.6878960341244835,1.1662151241735417,30.463985119159382,35.03554840591966,10,12.269632816314697,2.344277022250355,0.7413254856708348,10.81663486439986,13.722630768229534,10,0.9577867828079105,0.00917252325204817,0.002900606536732694,0.9521015939959144,0.9634719716199066,10,2.0,2.0,1.0
internal_heldout_repoRT_ood,0238,E1,M0 no PolyOmics × R0 device encoder + single head,M0-R0,1,M0_no_aux,R0_device_single,single,100,10,10,"2004,2006,2011,2012,2016,2020,2022,2027,2032,2034",480.0,100.0,12.986633517002549,3.006076531104942,0.9506048659069614,11.123447979824904,14.849819054180193,10,0.9251293300690469,0.011221089274058127,0.003548419993410903,0.9181744268819615,0.9320842332561322,10,21.902062115073203,2.5845199235450527,0.8172969616486607,20.30016007024183,23.503964159904577,10,34.27693441276314,2.8522865142719724,0.9019721924481795,32.50906891556471,36.04479990996157,10,13.30024266242981,2.860602402649981,0.9046019072524025,11.527222924215101,15.073262400644518,10,0.9529540912368158,0.006552154108485966,0.0020719730563245635,0.9488930240464197,0.957015158427212,10,3.0,6.0,4.0
internal_heldout_repoRT_ood,0238,E6,M1 RadonPy pretrain × R2 no-device + multitask heads,M1-R2,6,M1_pretrain,R2_nodevice_multi,multi,100,10,10,"2004,2006,2011,2012,2016,2020,2022,2027,2032,2034",480.0,100.0,13.305571495939844,2.772871494185657,0.8768589580581018,11.586927938145966,15.024215053733723,10,0.9227740863573519,0.012857355389546592,0.0040658527717208695,0.9148050149247791,0.9307431577899248,10,21.278633016347886,2.5782367143182197,0.815310036431443,19.680625344942257,22.876640687753515,10,34.781339640792005,3.041988290715771,0.9619611614224275,32.895895764404045,36.666783517179965,10,12.516183614730835,2.488818863525778,0.7870336292333222,10.973597701433523,14.058769528028147,10,0.9557179080730739,0.007075372674842741,0.0022374292947020986,0.9513325466554577,0.96010326949069,10,4.0,4.0,5.0
internal_heldout_repoRT_ood,0238,E2,M0 no PolyOmics × R1 device encoder + multitask heads,M0-R1,2,M0_no_aux,R1_device_multi,multi,100,10,10,"2004,2006,2011,2012,2016,2020,2022,2027,2032,2034",480.0,100.0,13.30849889577652,2.932712342942969,0.9274050725788617,11.49078495352195,15.126212838031089,10,0.9210362906939734,0.015277306993793462,0.00483110866140072,0.911567317717628,0.9305052636703188,10,21.92899732887745,2.4426175572475617,0.7724234933619021,20.41504728188812,23.44294737586678,10,35.149310027804844,3.5254437844059536,1.1148432121606415,32.96421733196999,37.3344027236397,10,12.929632902145386,2.1051288479832904,0.6657001927753555,11.624860524305689,14.234405279985083,10,0.9532705500526923,0.008950750062566676,0.0028304756964605323,0.9477228176876297,0.958818282417755,10,5.0,7.0,7.0
internal_heldout_repoRT_ood,0238,E8,M2 joint multitask × R1 device encoder + multitask heads,M2-R1,8,M2_joint,R1_device_multi,multi,100,10,10,"2004,2006,2011,2012,2016,2020,2022,2027,2032,2034",480.0,100.0,13.32628524850401,3.440033226913724,1.0878340223706209,11.194130564657595,15.458439932350426,10,0.9220046756387934,0.02251456204247827,0.007119729657540399,0.9080500055100142,0.9359593457675726,10,21.21520453989506,2.588764900543654,0.8186393412417213,19.610671431061284,22.819737648728832,10,34.77879169307907,4.792078698639323,1.515388341447589,31.808630543841797,37.74895284231635,10,12.47597050666809,2.0552266261380963,0.6499197246419731,11.202127846369823,13.749813166966359,10,0.9569090461704809,0.008449158430451251,0.0026718584951839317,0.9516722035199204,0.9621458888210414,10,6.0,3.0,6.0
internal_heldout_repoRT_ood,0238,E7,M2 joint multitask × R0 device encoder + single head,M2-R0,7,M2_joint,R0_device_single,single,100,10,10,"2004,2006,2011,2012,2016,2020,2022,2027,2032,2034",480.0,100.0,14.058795939437982,4.567788406086025,1.4444615232941966,11.227651353781356,16.88994052509461,10,0.9269671773789518,0.01640194428783886,0.0051867502004759175,0.916801146986019,0.9371332077718847,10,21.66085921227932,3.1719368369395458,1.0030544998919075,19.69487239249118,23.62684603206746,10,33.760979720544256,3.8415386501287254,1.214801185397546,31.379969397165066,36.14199004392344,10,13.199904441833496,2.3227677224309904,0.7345236478403707,11.76023809206637,14.639570791600622,10,0.9568512114657544,0.009066936707638204,0.002867217139672493,0.9512314658719963,0.9624709570595125,10,7.0,5.0,3.0
internal_heldout_repoRT_ood,0238,E9,M2 joint multitask × R2 no-device + multitask heads,M2-R2,9,M2_joint,R2_nodevice_multi,multi,100,10,10,"2004,2006,2011,2012,2016,2020,2022,2027,2032,2034",480.0,100.0,14.29257052582231,3.469795580397149,1.097245704924088,12.141968944171097,16.443172107473522,10,0.919640311273852,0.02130982447787504,0.006738758188849353,0.9064323452237073,0.9328482773239968,10,22.44021801352501,3.8070835099680926,1.203905513396752,20.080563207267375,24.799872819782642,10,35.3542193312292,4.696846129993163,1.4852731590125685,32.443083939564566,38.26535472289384,10,13.798270225524902,3.2022206788037013,1.0126310915510168,11.813513286084909,15.783027164964896,10,0.9526970149569788,0.011898917911225207,0.0037627682290844863,0.9453219892279732,0.9600720406859844,10,8.0,8.0,8.0
internal_heldout_repoRT_ood,0238,E3,M0 no PolyOmics × R2 no-device + multitask heads,M0-R2,3,M0_no_aux,R2_nodevice_multi,multi,100,10,10,"2004,2006,2011,2012,2016,2020,2022,2027,2032,2034",480.0,100.0,14.369635417372109,3.289799019041006,1.040325794435722,12.330596860278094,16.408673974466126,10,0.9157559256611716,0.020623475935613266,0.0065217157226209995,0.9029733628448344,0.9285384884775087,10,23.717353022098543,3.838760528389698,1.2139226661662905,21.338064596412615,26.09664144778447,10,36.20973802155637,4.582844020088492,1.4492225264762086,33.369261869663,39.05021417344974,10,14.418915510177612,3.1192070142008506,0.9863798658447862,12.485610973121831,16.352220047233395,10,0.9489350477202592,0.012173082395453056,0.0038494666514530176,0.9413900930834113,0.9564800023571071,10,9.0,9.0,9.0
internal_heldout_repoRT_ood,0238,E5,M1 RadonPy pretrain × R1 device encoder + multitask heads,M1-R1,5,M1_pretrain,R1_device_multi,multi,200,10,10,"2004,2006,2011,2012,2016,2020,2022,2027,2032,2034",380.0,200.0,11.147783331615944,1.3857144952046183,0.4382013991557067,10.28890858927076,12.006658073961129,10,0.9398200390867457,0.007735597627064718,0.0024462107564118284,0.9350254660041786,0.9446146121693129,10,18.288463809615685,1.1284455918287983,0.3568458285755694,17.58904598560757,18.9878816336238,10,30.901989510387097,1.9013344097641935,0.601254732850674,29.723530233999774,32.08044878677442,10,10.170614004135132,1.0751746110203324,0.34000006532098237,9.504213876106007,10.837014132164256,10,0.9630217809591128,0.004123502572316954,0.0013039660066084748,0.9604660075861602,0.9655775543320655,10,1.0,2.0,6.0
internal_heldout_repoRT_ood,0238,E8,M2 joint multitask × R1 device encoder + multitask heads,M2-R1,8,M2_joint,R1_device_multi,multi,200,10,10,"2004,2006,2011,2012,2016,2020,2022,2027,2032,2034",380.0,200.0,11.414275144360813,1.1627774305931133,0.367702509251259,10.693578226228345,12.134972062493281,10,0.9453547123878835,0.0058370515691268275,0.001845837777830055,0.9417368703433365,0.9489725544324304,10,18.154136978952508,0.9976780783683129,0.3154935099263833,17.535769699496797,18.77250425840822,10,29.47664275369197,1.7743734684155572,0.5611061579966,28.376874684018635,30.576410823365304,10,10.501994132995605,1.0335382970414568,0.32683350676626693,9.861400459733723,11.142587806257488,10,0.9673564114905766,0.002217138512895457,0.0007011207588828246,0.9659822148031663,0.968730608177987,10,2.0,1.0,1.0
internal_heldout_repoRT_ood,0238,E9,M2 joint multitask × R2 no-device + multitask heads,M2-R2,9,M2_joint,R2_nodevice_multi,multi,200,10,10,"2004,2006,2011,2012,2016,2020,2022,2027,2032,2034",380.0,200.0,11.580148572277952,1.3266691476247903,0.41952962079684997,10.757870515516126,12.402426629039779,10,0.9406358500383638,0.010129148295526883,0.003203117937147728,0.9343577388815543,0.9469139611951733,10,18.65846795910283,1.348158638391291,0.42632519445477995,17.82287057797146,19.494065340234197,10,30.651421038450387,2.5589528099752354,0.8092119304409786,29.06536565478607,32.2374764221147,10,10.959003925323486,0.9322525787488717,0.29480415034119195,10.38118779065475,11.536820059992223,10,0.9638959378895364,0.004916498149249347,0.0015547332263630392,0.9608486607658648,0.966943215013208,10,3.0,3.0,4.0
internal_heldout_repoRT_ood,0238,E4,M1 RadonPy pretrain × R0 device encoder + single head,M1-R0,4,M1_pretrain,R0_device_single,single,200,10,10,"2004,2006,2011,2012,2016,2020,2022,2027,2032,2034",380.0,200.0,12.100384918873987,1.414611477479177,0.4473394273050185,11.22359964135615,12.977170196391823,10,0.9421545197392449,0.009082645340202236,0.002872184645455396,0.9365250378341523,0.9477840016443375,10,19.05098530242318,1.4511447322104343,0.45889225683400814,18.15155647902852,19.950414125817836,10,30.262868434277287,2.301233036935575,0.7277137823542803,28.836549420862898,31.689187447691676,10,11.646034955978394,1.4104763266983764,0.4460317778114632,10.771812671467925,12.520257240488862,10,0.964911698021212,0.004073651445926862,0.001288201696276713,0.9623868226965097,0.9674365733459144,10,4.0,5.0,3.0
internal_heldout_repoRT_ood,0238,E1,M0 no PolyOmics × R0 device encoder + single head,M0-R0,1,M0_no_aux,R0_device_single,single,200,10,10,"2004,2006,2011,2012,2016,2020,2022,2027,2032,2034",380.0,200.0,12.17233774193846,1.786070186422263,0.5648049850015895,11.065319971335345,13.279355512541574,10,0.9401880014181268,0.009730602319968886,0.003077086633642021,0.9341569116161884,0.9462190912200651,10,19.05591319234748,1.7611167294445176,0.5569140090471197,17.964361734615125,20.147464650079833,10,30.78098734593599,2.5785887047285367,0.8154213455725569,29.18276150861378,32.3792131832582,10,11.162940502166748,1.711675513893766,0.5412793239043486,10.102033027314224,12.223847977019272,10,0.9624588688260116,0.004251404622876237,0.0013444121863258097,0.959823820940813,0.9650939167112103,10,5.0,6.0,5.0
internal_heldout_repoRT_ood,0238,E6,M1 RadonPy pretrain × R2 no-device + multitask heads,M1-R2,6,M1_pretrain,R2_nodevice_multi,multi,200,10,10,"2004,2006,2011,2012,2016,2020,2022,2027,2032,2034",380.0,200.0,12.230006444078688,1.8229152264334278,0.5764564096931212,11.100151881080171,13.359861007077205,10,0.9359761838944516,0.014261649858239347,0.004509929674385382,0.9271367217326563,0.9448156460562469,10,18.8987820474725,1.7266742928693637,0.5460223542727822,17.828578233097847,19.968985861847155,10,31.761295252580954,3.6097117038575304,1.1414910680757004,29.52397275915258,33.99861774600933,10,10.53768253326416,0.9014438790013038,0.2850615840461351,9.978961828533736,11.096403237994585,10,0.9635047906359009,0.0037076831292096393,0.0011724723530482832,0.9612067448239262,0.9658028364478756,10,6.0,4.0,8.0
internal_heldout_repoRT_ood,0238,E2,M0 no PolyOmics × R1 device encoder + multitask heads,M0-R1,2,M0_no_aux,R1_device_multi,multi,200,10,10,"2004,2006,2011,2012,2016,2020,2022,2027,2032,2034",380.0,200.0,12.43629406274805,2.42360294404597,0.7664105447074886,10.934129395121372,13.938458730374728,10,0.9362623700270933,0.012814074599355832,0.004052166184127402,0.9283201243062036,0.9442046157479831,10,19.344484177388644,2.011280548047232,0.6360227545420977,18.097879578486133,20.591088776291155,10,31.73730859000931,3.17357061626422,1.0035711462779138,29.770309143304598,33.70430803671402,10,10.955296754837036,1.8209194101989346,0.5758252771839072,9.826679211556577,12.083914298117495,10,0.9616672545025426,0.0040627372997310935,0.0012847503402072442,0.9591491438357365,0.9641853651693488,10,7.0,8.0,7.0
internal_heldout_repoRT_ood,0238,E7,M2 joint multitask × R0 device encoder + single head,M2-R0,7,M2_joint,R0_device_single,single,200,10,10,"2004,2006,2011,2012,2016,2020,2022,2027,2032,2034",380.0,200.0,12.615008811525168,1.6526577792493413,0.5226162775223677,11.590680907581328,13.639336715469009,10,0.9424495728719047,0.007775190410669143,0.0024587310939214436,0.9376304599278187,0.9472686858159907,10,19.208024442823312,1.4803500103506195,0.4681277766961793,18.2904940004988,20.125554885147825,10,30.2153845679377,1.9687894631774274,0.6225858936980875,28.99511621628945,31.43565291958595,10,11.71941089630127,1.5499315377656881,0.4901313876666858,10.758753376474566,12.680068416127973,10,0.9651798880203721,0.002855140470686796,0.0009028746927095486,0.9634102536226614,0.9669495224180829,10,8.0,7.0,2.0
internal_heldout_repoRT_ood,0238,E3,M0 no PolyOmics × R2 no-device + multitask heads,M0-R2,3,M0_no_aux,R2_nodevice_multi,multi,200,10,10,"2004,2006,2011,2012,2016,2020,2022,2027,2032,2034",380.0,200.0,12.772866170989472,1.6078264956332602,0.5084393808567871,11.77632498451017,13.769407357468774,10,0.932066991624853,0.012463745998768089,0.003941382553391735,0.9243418818202052,0.9397921014295008,10,20.609607696533203,2.0392943223125743,0.6448814877957268,19.34563998045358,21.873575412612826,10,32.77082524878195,3.057731009411095,0.9669394461864813,30.875623934256442,34.66602656330745,10,12.404826879501343,2.052435710502635,0.6490371596254297,11.1327140466355,13.676939712367185,10,0.957565973721645,0.006065002505137236,0.0019179221930860737,0.9538068462231962,0.9613251012200937,10,9.0,9.0,9.0
