model,ood_tier,method_id,K,base_split_seed,support_split_seed,optimization_seed,protocol,n_test_rows,mae_sec,rmse_sec,mean_error_sec,spearman,r2,prediction_unique,prediction_std
Graphormer-RT scratch179,external_OOD,0390,0,2004,,23,zero-shot,7333,88.13293278147464,100.31397840670031,83.94674456395238,0.7340253607573148,-0.6752198627163108,3539,66.31582995338843
Graphormer-RT scratch179,external_OOD,0390,0,2006,,24,zero-shot,7333,68.6465195783009,84.66248595196555,61.639095664511544,0.7674258657651571,-0.19324861088092948,3505,84.74383915202411
Graphormer-RT scratch179,external_OOD,0390,0,2011,,23,zero-shot,7333,88.8621354108956,100.42858654806959,86.31200488961824,0.7885533705004548,-0.6790499074184777,3550,72.21498308438782
Graphormer-RT scratch179,external_OOD,0390,0,2012,,23,zero-shot,7333,75.89924893555707,90.48987059766691,66.71017514679926,0.6889718706803393,-0.36316629274525747,3533,59.48076003538257
Graphormer-RT scratch179,external_OOD,0390,0,2016,,24,zero-shot,7333,70.98306256793333,87.36652503416991,61.883277607568346,0.6898012018915416,-0.27068829292965924,3519,68.11244492890363
Graphormer-RT scratch179,external_OOD,0390,0,2020,,23,zero-shot,7333,70.64769051154445,83.71228312137754,63.441716066664384,0.7340580478022369,-0.1666142526147727,3552,64.21392783996443
Graphormer-RT scratch179,external_OOD,0390,0,2022,,23,zero-shot,7333,91.31753182909407,104.79534516332299,86.82891518556036,0.684344653960244,-0.8282386637961654,3534,65.42175611567413
Graphormer-RT scratch179,external_OOD,0390,0,2027,,23,zero-shot,7333,90.29728963744563,101.99877472830651,86.56519550971609,0.7351359910340919,-0.7319638134978506,3552,55.082870611545516
Graphormer-RT scratch179,external_OOD,0390,0,2032,,23,zero-shot,7333,86.61522494997845,99.36709906860925,82.3009918016108,0.7142586451750915,-0.643743796106516,3529,62.85704847849277
Graphormer-RT scratch179,external_OOD,0390,0,2034,,24,zero-shot,7333,72.77149912413145,84.72870986630969,65.60777022754658,0.7333871680346381,-0.1951160849736877,3513,57.59895302246671
Graphormer-RT scratch179,external_OOD,0390,5,2004,2004,23,K-shot fine-tuning,7326,46.5022610617919,61.90678372592839,-20.249036591146126,0.6652419450169191,0.36179809734685686,3473,53.896871406540455
Graphormer-RT scratch179,external_OOD,0390,5,2006,2006,24,K-shot fine-tuning,7327,68.64985463113992,84.65492123639588,61.638796859260296,0.767394149295949,-0.19286457924504208,3473,84.71521789765369
Graphormer-RT scratch179,external_OOD,0390,5,2011,2011,23,K-shot fine-tuning,7318,38.27770466499599,50.16671740213215,-8.762431804466933,0.7930410860058492,0.5812858313166385,3477,54.40177130577986
Graphormer-RT scratch179,external_OOD,0390,5,2012,2012,23,K-shot fine-tuning,7320,49.226364784980895,61.42399186615902,14.948018842766093,0.6696453166328452,0.37240074528122136,3475,45.75801861619439
Graphormer-RT scratch179,external_OOD,0390,5,2016,2016,24,K-shot fine-tuning,7320,67.91686246431142,84.42008780434618,57.65227124965215,0.6901514817078708,-0.18616288005687798,3469,68.37518239845332
Graphormer-RT scratch179,external_OOD,0390,5,2020,2020,23,K-shot fine-tuning,7325,44.59326578297814,57.68702502673878,-23.312404258462756,0.7401815705984602,0.4463429206086795,3475,56.698531909291404
Graphormer-RT scratch179,external_OOD,0390,5,2022,2022,23,K-shot fine-tuning,7318,59.60680099618302,72.1893870301589,28.53874729883387,0.5142088934598916,0.13274253016310933,3477,41.785971879618636
Graphormer-RT scratch179,external_OOD,0390,5,2027,2027,23,K-shot fine-tuning,7327,40.38342654525062,52.0760096588328,-4.4505305243019215,0.774915139365716,0.5487017571126647,3476,47.59159023389493
Graphormer-RT scratch179,external_OOD,0390,5,2032,2032,23,K-shot fine-tuning,7326,46.962009550069965,59.20357512398195,-5.4135488853069065,0.7198418520545504,0.41696828768650884,3477,32.9557481231416
Graphormer-RT scratch179,external_OOD,0390,5,2034,2034,24,K-shot fine-tuning,7319,72.70608333422095,84.67065541912606,65.56423150717067,0.732832986282742,-0.19584371664244915,3471,57.592077242768674
Graphormer-RT scratch179,external_OOD,0390,20,2004,2004,23,K-shot fine-tuning,7290,46.841989357576324,59.568562446056724,21.380953626791513,0.7299958647019319,0.40620136634322,3460,68.25976639535551
Graphormer-RT scratch179,external_OOD,0390,20,2006,2006,24,K-shot fine-tuning,7303,56.623607058961554,72.72803694316066,43.39169342993851,0.7682955243486277,0.11855136856380966,3455,85.87586559887683
Graphormer-RT scratch179,external_OOD,0390,20,2011,2011,23,K-shot fine-tuning,7285,53.86682327960758,65.00378122494064,24.757957610435266,0.6732770386683279,0.29638852625525325,3459,38.799847433946795
Graphormer-RT scratch179,external_OOD,0390,20,2012,2012,23,K-shot fine-tuning,7291,43.602584926172646,57.2175599275624,1.8770002221330713,0.7142163376500357,0.45554685170732456,3459,56.90063850887333
Graphormer-RT scratch179,external_OOD,0390,20,2016,2016,24,K-shot fine-tuning,7296,50.12270436533359,66.38759474802859,24.386828680642218,0.6896444885438477,0.2681630078565549,3453,68.46313252864486
Graphormer-RT scratch179,external_OOD,0390,20,2020,2020,23,K-shot fine-tuning,7297,63.53286793104497,76.49001411651088,53.77736027540512,0.7333579261229918,0.026466487052793974,3460,62.97871855559356
Graphormer-RT scratch179,external_OOD,0390,20,2022,2022,23,K-shot fine-tuning,7288,45.06912855330484,58.42825267562801,13.460844487008567,0.7120222271949875,0.43169550839101845,3460,68.05270909529149
Graphormer-RT scratch179,external_OOD,0390,20,2027,2027,23,K-shot fine-tuning,7292,46.39661005508866,57.64507291832939,12.089136845646278,0.7010164525373583,0.4460268771563063,3459,47.148599983946525
Graphormer-RT scratch179,external_OOD,0390,20,2032,2032,23,K-shot fine-tuning,7291,39.439010818337785,51.47878064187655,-7.909827701775009,0.7677144417791609,0.5574837279721201,3459,64.90546774694612
Graphormer-RT scratch179,external_OOD,0390,20,2034,2034,24,K-shot fine-tuning,7287,45.60639199230646,59.625080752285584,-27.38366733884501,0.7437306842675211,0.4082765961472006,3454,58.88958949988171
Graphormer-RT scratch179,external_OOD,0390,100,2004,2004,23,K-shot fine-tuning,7118,40.96890408978815,53.62840851933579,1.5076563040558149,0.7404492270657526,0.515785625590468,3380,61.61306372580401
Graphormer-RT scratch179,external_OOD,0390,100,2006,2006,24,K-shot fine-tuning,7156,40.338757892541146,52.185197083671284,3.1584853691253505,0.7568206586870937,0.544001857986511,3377,68.91402518812006
Graphormer-RT scratch179,external_OOD,0390,100,2011,2011,23,K-shot fine-tuning,7132,40.190712762557794,51.155515580264,11.05256777485771,0.804729084619837,0.565283759148991,3382,76.0690581164684
Graphormer-RT scratch179,external_OOD,0390,100,2012,2012,23,K-shot fine-tuning,7124,40.35336271755644,53.15963265843991,10.20664965918477,0.7723777066320738,0.5275426641949974,3380,68.6172920413798
Graphormer-RT scratch179,external_OOD,0390,100,2016,2016,24,K-shot fine-tuning,7135,49.15159832429697,64.01380446863494,-23.395822983569275,0.7093320424835243,0.32115902507915883,3368,69.39543354375063
Graphormer-RT scratch179,external_OOD,0390,100,2020,2020,23,K-shot fine-tuning,7112,37.72881780740573,49.16885614165877,3.6792206241151044,0.7926260594253411,0.6009752745761068,3381,57.50049897534128
Graphormer-RT scratch179,external_OOD,0390,100,2022,2022,23,K-shot fine-tuning,7137,38.4282426558828,50.337918572153214,-1.2907636131286413,0.7765285964142368,0.5795312136938815,3379,58.71679899395862
Graphormer-RT scratch179,external_OOD,0390,100,2027,2027,23,K-shot fine-tuning,7107,40.714089921253006,53.28944932563589,-15.758638988249396,0.7883014827715296,0.5281242051324675,3378,50.95607193307172
Graphormer-RT scratch179,external_OOD,0390,100,2032,2032,23,K-shot fine-tuning,7146,36.94100931500289,48.55568533596506,-14.522524594933758,0.8117577290179029,0.605504227857045,3378,60.370055523426885
Graphormer-RT scratch179,external_OOD,0390,100,2034,2034,24,K-shot fine-tuning,7107,39.15028673075391,51.007357088526284,-3.245208450640623,0.7654982697574397,0.5673037029910654,3370,65.58706035887946
Graphormer-RT scratch179,external_OOD,0390,1000,2004,2004,23,K-shot fine-tuning,5225,32.06148692039087,42.82621295347328,-6.834733514583105,0.8416777292794723,0.6891744111605856,2479,68.20848656700296
Graphormer-RT scratch179,external_OOD,0390,1000,2006,2006,24,K-shot fine-tuning,5265,29.587918185387498,39.742407656401106,-4.228816774973587,0.8619928621655281,0.7344436678678845,2480,66.01918838439869
Graphormer-RT scratch179,external_OOD,0390,1000,2011,2011,23,K-shot fine-tuning,5305,31.202866670146275,41.28867347030448,-1.1061274169608042,0.8570808525859746,0.7133852993473926,2482,68.33753498828058
Graphormer-RT scratch179,external_OOD,0390,1000,2012,2012,23,K-shot fine-tuning,5251,32.376596586224686,42.73464916440467,-0.031001452302303938,0.8559146961000391,0.6958434229976154,2481,75.60726347333765
Graphormer-RT scratch179,external_OOD,0390,1000,2016,2016,24,K-shot fine-tuning,5247,30.56809243510742,41.05293011491339,-4.136334642636914,0.8572909949498183,0.7206854555684449,2476,68.17656362859836
Graphormer-RT scratch179,external_OOD,0390,1000,2020,2020,23,K-shot fine-tuning,5221,32.82145334532018,42.46211273820994,10.134169615452313,0.8419949412250692,0.6877863447704456,2480,67.3797393098901
Graphormer-RT scratch179,external_OOD,0390,1000,2022,2022,23,K-shot fine-tuning,5272,31.38584116838497,41.488891059573646,-0.8134676950793976,0.8474143845803318,0.7116532022414546,2478,65.69549907474756
Graphormer-RT scratch179,external_OOD,0390,1000,2027,2027,23,K-shot fine-tuning,5209,31.56616567114837,42.516848276177676,-9.253452373808008,0.8551763241141023,0.6989363890636126,2480,69.11728736406356
Graphormer-RT scratch179,external_OOD,0390,1000,2032,2032,23,K-shot fine-tuning,5284,31.678575598849807,41.847439387455566,-0.0980149634745761,0.8452128077074327,0.707573260831684,2482,69.61024696161988
Graphormer-RT scratch179,external_OOD,0390,1000,2034,2034,24,K-shot fine-tuning,5247,31.842837575623385,42.64415741526043,-11.481205566909766,0.8559937368107732,0.6903475709033304,2475,73.34041128927896
Graphormer-RT scratch179,external_OOD,0391,0,2004,,23,zero-shot,9686,111.88799504934126,127.79245450316577,107.91985216096117,0.4945517075171761,-1.8864709741127719,7003,66.59658755492372
Graphormer-RT scratch179,external_OOD,0391,0,2006,,24,zero-shot,9686,81.6701404096181,98.43814942731963,70.43334814594282,0.5831670107937591,-0.7127092867575784,6964,78.44568620564526
Graphormer-RT scratch179,external_OOD,0391,0,2011,,23,zero-shot,9686,116.35956683277087,131.39912019829572,113.59076441313526,0.5496226209211497,-2.051698934007286,7028,67.90358372647859
Graphormer-RT scratch179,external_OOD,0391,0,2012,,23,zero-shot,9686,89.52135536460091,106.51318192764454,82.11756614455116,0.5186437061843652,-1.0052267470041665,6989,64.0070114450884
Graphormer-RT scratch179,external_OOD,0391,0,2016,,24,zero-shot,9686,91.37919899236796,109.48733948159625,83.49952908244731,0.48109187769055856,-1.1187737150347425,6952,68.79270298558684
Graphormer-RT scratch179,external_OOD,0391,0,2020,,23,zero-shot,9686,92.70431019583859,108.8256912932312,85.70359631351343,0.5312356303018863,-1.0932429659236762,7008,65.87040460432158
Graphormer-RT scratch179,external_OOD,0391,0,2022,,23,zero-shot,9686,113.54950679447475,128.7646648261427,109.60721407349497,0.5015122720635359,-1.9305570120473896,6998,63.479054047450994
Graphormer-RT scratch179,external_OOD,0391,0,2027,,23,zero-shot,9686,100.74300309115279,115.30578900046122,96.37556517823235,0.5490348366408713,-1.3499520191501762,6999,58.521704730306524
Graphormer-RT scratch179,external_OOD,0391,0,2032,,23,zero-shot,9686,110.40173920457781,126.12800064487405,106.23924961383219,0.5326067677437882,-1.8117700078684185,7005,70.28827187281539
Graphormer-RT scratch179,external_OOD,0391,0,2034,,24,zero-shot,9686,79.93092574414743,96.14591053774747,69.46851141983883,0.5150669279197705,-0.6338734088380922,6955,61.80208377794857
Graphormer-RT scratch179,external_OOD,0391,5,2004,2004,23,K-shot fine-tuning,9680,60.87005449399306,76.86166522182276,-39.65621695780168,0.5501032956839684,-0.044422638043889906,6895,65.20915859364412
Graphormer-RT scratch179,external_OOD,0391,5,2006,2006,24,K-shot fine-tuning,9679,65.35070084695664,81.39634165675338,43.40562294408108,0.5859745015478747,-0.17085204505045715,6876,79.05544479850509
Graphormer-RT scratch179,external_OOD,0391,5,2011,2011,23,K-shot fine-tuning,9674,59.93013079222334,77.68511105807215,-37.46860408022382,0.419704863435511,-0.06593438510293059,6887,19.931296160904143
Graphormer-RT scratch179,external_OOD,0391,5,2012,2012,23,K-shot fine-tuning,9678,56.31652561826741,70.95267189610016,24.086762770637407,0.5152809438014821,0.11023202327392523,6889,59.84473593325044
Graphormer-RT scratch179,external_OOD,0391,5,2016,2016,24,K-shot fine-tuning,9675,57.2125016942678,72.38592074819721,-5.761784696301748,0.4830637916959936,0.07394923204764314,6777,71.5101570079436
Graphormer-RT scratch179,external_OOD,0391,5,2020,2020,23,K-shot fine-tuning,9681,50.79131302656678,63.97139039100297,6.935877445825472,0.5224526347974136,0.27657530296283694,6891,48.24299587847744
Graphormer-RT scratch179,external_OOD,0391,5,2022,2022,23,K-shot fine-tuning,9676,50.643891504074055,64.8785729826432,-10.363171016181418,0.49512971887599094,0.25663368977203194,6889,33.87140036464245
Graphormer-RT scratch179,external_OOD,0391,5,2027,2027,23,K-shot fine-tuning,9678,55.223374263922146,71.8882645496082,-37.87054111130226,0.5910816233951667,0.08690752410261449,6895,53.10769762043875
Graphormer-RT scratch179,external_OOD,0391,5,2032,2032,23,K-shot fine-tuning,9681,86.59825898458136,102.46798999848401,77.57489151226979,0.5576087341411775,-0.856490451573267,6889,71.10841235889673
Graphormer-RT scratch179,external_OOD,0391,5,2034,2034,24,K-shot fine-tuning,9679,53.178928922374936,66.90559678481378,0.488287644050511,0.521938627234848,0.20851194724556266,6789,64.5781626623756
Graphormer-RT scratch179,external_OOD,0391,20,2004,2004,23,K-shot fine-tuning,9663,50.06187081551518,64.30901045145049,-15.191833229645281,0.5734815753375802,0.2693478397259349,6878,59.130086490894655
Graphormer-RT scratch179,external_OOD,0391,20,2006,2006,24,K-shot fine-tuning,9659,53.925187823796826,69.43750915248972,8.330552801428121,0.5860376867925073,0.14662053661255403,6839,79.10644402237223
Graphormer-RT scratch179,external_OOD,0391,20,2011,2011,23,K-shot fine-tuning,9647,59.66978296539064,77.273354660124,-40.15143753056534,0.4664826942813696,-0.053080437066708175,6874,25.987820996889
Graphormer-RT scratch179,external_OOD,0391,20,2012,2012,23,K-shot fine-tuning,9657,52.2759685308174,66.71319557112633,-3.1150928244247,0.5283559422254229,0.21327458015411294,6877,63.137233446483926
Graphormer-RT scratch179,external_OOD,0391,20,2016,2016,24,K-shot fine-tuning,9654,54.37597785180642,69.26147808065637,-1.4334286407106238,0.5280321436841531,0.1512367051876966,6789,71.58485351392329
Graphormer-RT scratch179,external_OOD,0391,20,2020,2020,23,K-shot fine-tuning,9665,53.49628225092251,66.91058837490955,14.603760438420522,0.5165202327381961,0.20890880637640852,6879,55.646817652541536
Graphormer-RT scratch179,external_OOD,0391,20,2022,2022,23,K-shot fine-tuning,9653,57.63146302205088,71.53668688078245,31.027070787745608,0.5264750257584192,0.09721701320911047,6877,58.229817601863616
Graphormer-RT scratch179,external_OOD,0391,20,2027,2027,23,K-shot fine-tuning,9657,57.28329602225634,74.28366397227038,3.7434653268502656,0.45839555923187086,0.023554182325668305,6877,65.46743218712791
Graphormer-RT scratch179,external_OOD,0391,20,2032,2032,23,K-shot fine-tuning,9656,48.488815395217834,61.32784183586963,5.147855653223646,0.6090441101362055,0.334860908498157,6876,61.43886617343537
Graphormer-RT scratch179,external_OOD,0391,20,2034,2034,24,K-shot fine-tuning,9655,60.718591194884425,75.68390130813641,36.4460543803398,0.5231986002729521,-0.013267994580130615,6824,62.92601363659172
Graphormer-RT scratch179,external_OOD,0391,100,2004,2004,23,K-shot fine-tuning,9530,54.39753428293081,70.13037019971843,-30.899636716174367,0.575282185444555,0.1339001830670865,6792,59.547046532518394
Graphormer-RT scratch179,external_OOD,0391,100,2006,2006,24,K-shot fine-tuning,9532,51.49329624856317,66.43429942949264,-30.081753143656723,0.6226246406607638,0.21877439179177938,6764,60.27183637826143
Graphormer-RT scratch179,external_OOD,0391,100,2011,2011,23,K-shot fine-tuning,9539,47.13880722433921,60.54313752405024,-12.685153646780652,0.6085003410788851,0.3560693041059725,6795,40.83384935643274
Graphormer-RT scratch179,external_OOD,0391,100,2012,2012,23,K-shot fine-tuning,9548,50.352837645655924,65.02399650611144,-20.26170396423443,0.5958725168467043,0.2536327500105461,6798,56.1363637122911
Graphormer-RT scratch179,external_OOD,0391,100,2016,2016,24,K-shot fine-tuning,9546,45.09424938179909,57.905732601222944,-2.582939362518096,0.6376044023031655,0.40932045929295935,6777,55.50279728179523
Graphormer-RT scratch179,external_OOD,0391,100,2020,2020,23,K-shot fine-tuning,9557,47.582463463571514,60.99172206371833,-3.2902297849036137,0.5901722620886083,0.34269129990245484,6799,54.07578605637894
Graphormer-RT scratch179,external_OOD,0391,100,2022,2022,23,K-shot fine-tuning,9541,52.146460478716385,67.2692222863114,-31.542390788077665,0.6086983923408095,0.19863827006122914,6797,46.265587343710294
Graphormer-RT scratch179,external_OOD,0391,100,2027,2027,23,K-shot fine-tuning,9544,47.566084810751214,60.552570686639626,-1.4073371945317112,0.5707093451225937,0.3514128414626553,6797,49.946466792228684
Graphormer-RT scratch179,external_OOD,0391,100,2032,2032,23,K-shot fine-tuning,9545,47.059005189839716,59.17261079474172,6.272274918423458,0.6141546220476547,0.3814791911712775,6794,42.700066333150495
Graphormer-RT scratch179,external_OOD,0391,100,2034,2034,24,K-shot fine-tuning,9546,44.534330262576006,57.48896957410792,-1.9156326223568705,0.6527192361988222,0.416604708160048,6780,56.22032096036696
Graphormer-RT scratch179,external_OOD,0391,1000,2004,2004,23,K-shot fine-tuning,8240,39.21205447212503,51.7583988106283,-4.709295109332566,0.7330447571002041,0.5320517013845681,5898,63.9556011857379
Graphormer-RT scratch179,external_OOD,0391,1000,2006,2006,24,K-shot fine-tuning,8309,43.15868062412176,55.69463529058317,-11.668944443181607,0.6788365251621726,0.44683180868404615,5879,44.29492822519522
Graphormer-RT scratch179,external_OOD,0391,1000,2011,2011,23,K-shot fine-tuning,8270,39.62523850268586,52.17344839491442,-4.605109753335478,0.7201112277031195,0.5206144921595985,5902,51.182160997021036
Graphormer-RT scratch179,external_OOD,0391,1000,2012,2012,23,K-shot fine-tuning,8295,39.19325304275739,50.7381715625092,-0.006869792555935787,0.732333733387256,0.5488719117501719,5899,55.325122084310905
Graphormer-RT scratch179,external_OOD,0391,1000,2016,2016,24,K-shot fine-tuning,8298,38.49509422522878,51.03732267520967,-10.956710964001564,0.7424616336791203,0.5389281613368349,5883,56.407181036127774
Graphormer-RT scratch179,external_OOD,0391,1000,2020,2020,23,K-shot fine-tuning,8283,38.99639667290418,51.30738689045583,-2.7328162230261155,0.7303157725541076,0.5357436983235276,5899,59.55435485616445
Graphormer-RT scratch179,external_OOD,0391,1000,2022,2022,23,K-shot fine-tuning,8324,40.20061286511808,52.60689055052009,-0.72263144791316,0.7177686745327103,0.5118856181944909,5898,59.681231993144955
Graphormer-RT scratch179,external_OOD,0391,1000,2027,2027,23,K-shot fine-tuning,8299,39.35256505255762,51.05511178323988,-0.1546886172412693,0.7280823108043049,0.5381623344254014,5897,57.51305999961936
Graphormer-RT scratch179,external_OOD,0391,1000,2032,2032,23,K-shot fine-tuning,8271,39.200066047658794,50.87163346281822,5.9869675077889815,0.7294022823072063,0.5408339815331771,5897,56.378310005325545
Graphormer-RT scratch179,external_OOD,0391,1000,2034,2034,24,K-shot fine-tuning,8274,37.69572871008468,49.68938237130795,-8.627565747226216,0.756644124792712,0.5652193018346406,5882,61.82770152336852
Graphormer-RT scratch179,external_OOD,0411,0,2004,,23,zero-shot,50,53.876282181590796,66.16395099554111,-13.144681323319679,0.3126726071369433,0.1958089487509972,47,55.79104219983723
Graphormer-RT scratch179,external_OOD,0411,0,2006,,24,zero-shot,50,47.3928096704185,62.427266887635724,-34.335632901638746,0.6032516045529965,0.2840791400927902,47,81.0576709815972
Graphormer-RT scratch179,external_OOD,0411,0,2011,,23,zero-shot,50,45.660550240427256,59.08942820406778,-25.97951637580991,0.4779424137664705,0.35858967248080875,47,67.16216898215053
Graphormer-RT scratch179,external_OOD,0411,0,2012,,23,zero-shot,50,61.45950062200427,75.52511756486689,-43.77930639311671,0.38649408135652574,-0.04785018271645214,47,49.39686728491019
Graphormer-RT scratch179,external_OOD,0411,0,2016,,24,zero-shot,50,52.89163878187537,69.78525787122436,-43.641756009310505,0.5224178107263491,0.10536939987806826,47,62.430437410549544
Graphormer-RT scratch179,external_OOD,0411,0,2020,,23,zero-shot,50,55.803078319877386,69.45352015979026,-18.498520273715258,0.3449965187503323,0.11385478231880142,47,56.09797490776101
Graphormer-RT scratch179,external_OOD,0411,0,2022,,23,zero-shot,50,57.1612567640841,72.67937001707908,-20.032629836350687,0.2122907716659431,0.02962704954458273,47,61.4105187577379
Graphormer-RT scratch179,external_OOD,0411,0,2027,,23,zero-shot,50,50.7990083657205,64.25013895034589,-6.7488444037735515,0.39000024116005827,0.24165903661421073,47,57.49310305936728
Graphormer-RT scratch179,external_OOD,0411,0,2032,,23,zero-shot,50,52.361651044338934,61.37559443775478,23.092182632535696,0.36766648350741943,0.3079972883071036,47,56.96153589262388
Graphormer-RT scratch179,external_OOD,0411,0,2034,,24,zero-shot,50,62.72667450830341,74.91645062816585,-52.320248913019896,0.5404289056075093,-0.031028713061517665,47,54.515998164060555
Graphormer-RT scratch179,external_OOD,0411,5,2004,2004,23,K-shot fine-tuning,45,46.50429139534632,62.00530296013264,-17.141641428073246,0.5941814137292505,0.19258912210836343,42,57.85538179389257
Graphormer-RT scratch179,external_OOD,0411,5,2006,2006,24,K-shot fine-tuning,45,29.486731936534245,38.423492721914585,-11.718872313698133,0.6353003226975384,0.7156379634611164,42,58.885905371649194
Graphormer-RT scratch179,external_OOD,0411,5,2011,2011,23,K-shot fine-tuning,45,57.192884696026645,71.41590599472639,-48.38989147295555,0.32167094946300323,-0.1354744464556965,42,41.82274630738629
Graphormer-RT scratch179,external_OOD,0411,5,2012,2012,23,K-shot fine-tuning,44,50.89334032328968,65.60158207188061,-21.40886817042801,0.4118144690581757,0.25075886557362537,42,54.58337456835879
Graphormer-RT scratch179,external_OOD,0411,5,2016,2016,24,K-shot fine-tuning,45,52.740207562843956,69.66920988861355,-43.37734294434389,0.5225528014719925,0.10824795073536164,42,63.67393846561896
Graphormer-RT scratch179,external_OOD,0411,5,2020,2020,23,K-shot fine-tuning,45,81.12549005697171,96.01872367750549,-66.29732095946868,0.19577608741151198,-0.7318511703862449,42,45.47677205044804
Graphormer-RT scratch179,external_OOD,0411,5,2022,2022,23,K-shot fine-tuning,44,42.297707828269765,54.946988594233794,-22.856962274421345,0.6632595582623031,0.41365822003168273,42,62.73633712276592
Graphormer-RT scratch179,external_OOD,0411,5,2027,2027,23,K-shot fine-tuning,45,43.54893943915764,57.23437991789434,22.059750122328595,0.5446278567674676,0.4079004590374632,42,40.06056372611283
Graphormer-RT scratch179,external_OOD,0411,5,2032,2032,23,K-shot fine-tuning,45,52.9320336257418,61.757585963526104,24.71006506433089,0.35780179308041704,0.3206922861845455,42,57.462251398749714
Graphormer-RT scratch179,external_OOD,0411,5,2034,2034,24,K-shot fine-tuning,45,62.80818178008,75.23299005998084,-52.46834425876538,0.5386972448970415,-0.009797581139934897,42,56.03578136094394
Graphormer-RT scratch179,external_OOD,0411,20,2004,2004,23,K-shot fine-tuning,27,56.05265756862031,69.33199446248572,36.642404997514355,0.5177045177045178,0.09631578968538357,27,44.16581781582274
Graphormer-RT scratch179,external_OOD,0411,20,2006,2006,24,K-shot fine-tuning,28,39.05432431825569,44.946031372400924,-23.877483659556926,0.5390828250374003,0.5716140091250763,27,54.798309396111286
Graphormer-RT scratch179,external_OOD,0411,20,2011,2011,23,K-shot fine-tuning,27,41.02639957434602,47.857235529013934,15.961965546011935,0.6136467786347298,0.5549314559079992,27,60.76590482052295
Graphormer-RT scratch179,external_OOD,0411,20,2012,2012,23,K-shot fine-tuning,29,41.08727524249718,53.39994748960971,-2.2718666827884264,0.5547751120372246,0.2947517455830686,27,50.42084262575791
Graphormer-RT scratch179,external_OOD,0411,20,2016,2016,24,K-shot fine-tuning,30,42.117576114833355,51.24590145488564,3.2168878242373466,0.5025606893680653,0.5870653633834403,27,71.29664671195115
Graphormer-RT scratch179,external_OOD,0411,20,2020,2020,23,K-shot fine-tuning,30,48.52389497682452,58.57934931633826,-20.789523143321276,0.2330810329474622,0.3470586431610573,27,42.965696875170686
Graphormer-RT scratch179,external_OOD,0411,20,2022,2022,23,K-shot fine-tuning,27,29.826821862823433,39.95252265459331,-1.1108593187398401,0.7035285387547165,0.7474803930008098,27,72.26272177289238
Graphormer-RT scratch179,external_OOD,0411,20,2027,2027,23,K-shot fine-tuning,29,61.88975518633579,82.21705360834453,54.08879690643015,0.709621786831597,-0.016974324316669342,27,36.46778886981172
Graphormer-RT scratch179,external_OOD,0411,20,2032,2032,23,K-shot fine-tuning,28,49.86246465705335,57.78853691171825,15.973930213866478,0.2641664385436628,0.36680434188819155,27,62.48022681685547
Graphormer-RT scratch179,external_OOD,0411,20,2034,2034,24,K-shot fine-tuning,30,25.713313370943062,37.060786444522,-1.588072627782815,0.8284919361273424,0.7615286573673881,27,61.68438630942138
Graphormer-RT scratch179,external_OOD,0419,0,2004,,23,zero-shot,161,105.2402522521938,120.36772332979102,-100.20568714511829,0.6646970529679892,-0.5144975730056776,158,70.3169751844989
Graphormer-RT scratch179,external_OOD,0419,0,2006,,24,zero-shot,161,99.4820471184895,113.45130280137165,-96.09253359061914,0.7194086707074272,-0.34544969340258014,158,78.22985504178371
Graphormer-RT scratch179,external_OOD,0419,0,2011,,23,zero-shot,161,81.96663551801896,94.56792524817354,-74.69236479800264,0.7333011742053234,0.06516231490801205,158,68.35151480929153
Graphormer-RT scratch179,external_OOD,0419,0,2012,,23,zero-shot,161,123.20564068443147,136.76231194892418,-118.30139109107047,0.6528462959994878,-0.9551557386653253,158,54.6889864021583
Graphormer-RT scratch179,external_OOD,0419,0,2016,,24,zero-shot,161,132.4730996485013,143.92195506214432,-126.60414731760527,0.6922937016571966,-1.1652227873657188,158,62.510943680935185
Graphormer-RT scratch179,external_OOD,0419,0,2020,,23,zero-shot,161,119.42955981274801,133.79722043865783,-115.72369087273428,0.6772264749800642,-0.8712967867439643,158,67.62521340957858
Graphormer-RT scratch179,external_OOD,0419,0,2022,,23,zero-shot,161,96.25653737016393,109.97537654557176,-86.56588093065281,0.5627894577068222,-0.26426875369475167,158,63.54159761001528
Graphormer-RT scratch179,external_OOD,0419,0,2027,,23,zero-shot,161,93.68813568465875,106.3181288455677,-87.3280635251091,0.7315642518056692,-0.1815800194841466,158,64.32640861266724
Graphormer-RT scratch179,external_OOD,0419,0,2032,,23,zero-shot,161,107.9807787488637,121.60671996271124,-104.25567950168335,0.6839167894880035,-0.5458367880704273,158,68.4251031112149
Graphormer-RT scratch179,external_OOD,0419,0,2034,,24,zero-shot,161,125.03492063842714,137.13704874290514,-120.09051517780107,0.7125866852740305,-0.9658849017018389,156,64.29415689287528
Graphormer-RT scratch179,external_OOD,0419,5,2004,2004,23,K-shot fine-tuning,156,60.268573109239625,77.70536225599612,47.56921322461074,0.6787900588498045,0.3386020273070133,153,91.80663984909948
Graphormer-RT scratch179,external_OOD,0419,5,2006,2006,24,K-shot fine-tuning,156,49.87527157377022,63.97224100016358,-22.51087000611454,0.7151390101858102,0.5799100961171653,153,78.85867008053124
Graphormer-RT scratch179,external_OOD,0419,5,2011,2011,23,K-shot fine-tuning,156,48.39194318404995,64.01076305777025,4.754299544191991,0.6656706305388875,0.5791088648156406,153,69.88567234640902
Graphormer-RT scratch179,external_OOD,0419,5,2012,2012,23,K-shot fine-tuning,156,52.5954512368816,65.71001602667123,-12.809527128970686,0.6567123728092574,0.555889186884345,153,66.1321208752138
Graphormer-RT scratch179,external_OOD,0419,5,2016,2016,24,K-shot fine-tuning,156,51.571816058220485,67.7264667677411,12.04004768694106,0.6629662361714029,0.531657241285707,153,63.38082542539577
Graphormer-RT scratch179,external_OOD,0419,5,2020,2020,23,K-shot fine-tuning,156,46.84894227046663,60.784179781480375,17.919109198443874,0.7229559236879186,0.6188605144570879,153,87.68768932597192
Graphormer-RT scratch179,external_OOD,0419,5,2022,2022,23,K-shot fine-tuning,156,53.05861344543071,66.482261103034,2.265303247930625,0.5464709284689977,0.5464920171227742,153,75.89231524242241
Graphormer-RT scratch179,external_OOD,0419,5,2027,2027,23,K-shot fine-tuning,156,54.254842845973776,74.10876361846155,26.46045604846082,0.6254715101662234,0.4321889690880216,153,66.80181795795127
Graphormer-RT scratch179,external_OOD,0419,5,2032,2032,23,K-shot fine-tuning,156,48.06794197065756,62.54277858707781,26.459184614045974,0.7362659860737916,0.5921856405464777,153,81.03619202940341
Graphormer-RT scratch179,external_OOD,0419,5,2034,2034,24,K-shot fine-tuning,156,59.00057003600523,78.9090474566851,39.95841841410416,0.6844459943033732,0.3577372185195874,153,64.76283778444326
Graphormer-RT scratch179,external_OOD,0419,20,2004,2004,23,K-shot fine-tuning,141,53.58404313967108,66.43414632106985,-23.122739240011963,0.6766979667420031,0.5258673657662625,138,79.60781610400745
Graphormer-RT scratch179,external_OOD,0419,20,2006,2006,24,K-shot fine-tuning,141,45.707651297561824,58.67560698163901,-8.88633495939777,0.728765831318194,0.6331168380858734,138,73.33340951043162
Graphormer-RT scratch179,external_OOD,0419,20,2011,2011,23,K-shot fine-tuning,139,46.888219080396375,63.26036971752341,7.94560071449432,0.6467330047675879,0.5482248578038709,137,87.52184915815084
Graphormer-RT scratch179,external_OOD,0419,20,2012,2012,23,K-shot fine-tuning,141,48.46489455729248,62.9638530571802,-16.065931438091916,0.6749784072448725,0.5873283296554499,138,76.00285996643944
Graphormer-RT scratch179,external_OOD,0419,20,2016,2016,24,K-shot fine-tuning,141,46.561856115078356,60.52595286815223,6.836947980039614,0.6998603247959004,0.6193674404058853,138,78.85772324397483
Graphormer-RT scratch179,external_OOD,0419,20,2020,2020,23,K-shot fine-tuning,141,49.48842782586655,65.59674613823306,16.320713850213806,0.7083408710422374,0.576253985118742,138,69.32150439777332
Graphormer-RT scratch179,external_OOD,0419,20,2022,2022,23,K-shot fine-tuning,141,51.566862756326955,66.11576228170976,-31.870419612808277,0.6802434295816424,0.5281943956832825,138,83.04580423299815
Graphormer-RT scratch179,external_OOD,0419,20,2027,2027,23,K-shot fine-tuning,141,39.25137982228176,55.7648185529341,-8.141103007414566,0.7565910318016088,0.6760059470058857,138,92.70755728136547
Graphormer-RT scratch179,external_OOD,0419,20,2032,2032,23,K-shot fine-tuning,141,53.67984185292524,67.0008054135514,-29.762822198384303,0.6784054927034524,0.4852834503179525,138,75.92091092583078
Graphormer-RT scratch179,external_OOD,0419,20,2034,2034,24,K-shot fine-tuning,141,58.18893555848998,73.73866614101149,-30.574789097374108,0.7114738109319813,0.4636876047453047,138,65.46210175438502
Graphormer-RT scratch179,external_OOD,0419,100,2004,2004,23,K-shot fine-tuning,61,44.40979755361427,62.229209150007996,22.324007596118285,0.8175603323654075,0.7042121493431881,58,105.170200266617
Graphormer-RT scratch179,external_OOD,0419,100,2006,2006,24,K-shot fine-tuning,61,51.28302932029865,69.32710811890684,2.2687068300657556,0.6509792022387543,0.380950801268076,58,99.34795062989751
Graphormer-RT scratch179,external_OOD,0419,100,2011,2011,23,K-shot fine-tuning,58,40.71950048392895,56.720179790491784,-16.735751986712348,0.7604104282260437,0.6593076799046111,58,88.62536647619648
Graphormer-RT scratch179,external_OOD,0419,100,2012,2012,23,K-shot fine-tuning,60,54.27983385743572,68.03714541721891,32.489564095158116,0.6747908758132648,0.6463035736567233,58,89.3212547051302
Graphormer-RT scratch179,external_OOD,0419,100,2016,2016,24,K-shot fine-tuning,60,56.970117759192355,73.15267736108915,40.93527808436192,0.7447373181031575,0.41123936171850983,58,65.29867819788382
Graphormer-RT scratch179,external_OOD,0419,100,2020,2020,23,K-shot fine-tuning,58,39.878042278297514,55.56613387435594,7.089049643676341,0.7580563333232927,0.6804024667959555,58,81.09689832635206
Graphormer-RT scratch179,external_OOD,0419,100,2022,2022,23,K-shot fine-tuning,59,61.571578469553614,83.27629593535326,18.74124425092428,0.6967474210234079,0.4033372370541687,58,114.69357346783296
Graphormer-RT scratch179,external_OOD,0419,100,2027,2027,23,K-shot fine-tuning,58,60.0008256552773,77.21443015500752,35.522177861602,0.7598055817746084,0.331437892562253,58,77.54412826545523
Graphormer-RT scratch179,external_OOD,0419,100,2032,2032,23,K-shot fine-tuning,58,52.762106412234886,69.18808400476381,32.559504826826135,0.7297954216155768,0.5145700643952573,58,64.80385545748715
Graphormer-RT scratch179,external_OOD,0419,100,2034,2034,24,K-shot fine-tuning,58,48.045826692471344,69.2351464032105,-16.772843353402127,0.7655392006673785,0.42938918755874944,57,91.95915704347473
Graphormer-RT scratch179,external_OOD,0420,0,2004,,23,zero-shot,169,200.25607066217964,276.8057183133669,-20.785124741009707,0.2366316891279567,-0.26769516222236533,157,187.09172952234363
Graphormer-RT scratch179,external_OOD,0420,0,2006,,24,zero-shot,169,528.8624321523855,678.1010115690322,445.17791030939514,0.12217048038278466,-6.607702168535353,157,475.93559183861004
Graphormer-RT scratch179,external_OOD,0420,0,2011,,23,zero-shot,169,200.7380882884271,260.26365908119305,57.314077403242074,0.1363583248075324,-0.12070621485956079,157,100.10694724083123
Graphormer-RT scratch179,external_OOD,0420,0,2012,,23,zero-shot,169,288.15739771582673,384.5563387538805,92.89559230384742,0.2737055596509788,-1.4467222220879354,157,348.98474044181836
Graphormer-RT scratch179,external_OOD,0420,0,2016,,24,zero-shot,169,200.0316403277174,277.2850376771417,-6.075302943499131,0.1724712557230605,-0.2720892689043828,157,162.6414890611398
Graphormer-RT scratch179,external_OOD,0420,0,2020,,23,zero-shot,169,306.89658453831305,374.5613485656979,-252.89814698801945,0.2997541088559349,-1.3211897156077828,157,215.9755067296985
Graphormer-RT scratch179,external_OOD,0420,0,2022,,23,zero-shot,169,239.15313746361338,296.21213092611043,120.64243683360031,0.1919349445128857,-0.4516783455793345,157,161.79588369614174
Graphormer-RT scratch179,external_OOD,0420,0,2027,,23,zero-shot,169,192.56983999405386,253.29883480293756,61.66172858614188,0.2924780680762934,-0.06152713877816529,157,123.33019681355921
Graphormer-RT scratch179,external_OOD,0420,0,2032,,23,zero-shot,169,186.1443199746355,256.24319219117245,26.006648680691182,0.2629798326995442,-0.08634905194232023,157,137.93320902187793
Graphormer-RT scratch179,external_OOD,0420,0,2034,,24,zero-shot,169,340.37245790193066,409.2859120938928,-223.20016369928976,0.2753825422260235,-1.7715218709017941,157,318.05631583382103
Graphormer-RT scratch179,external_OOD,0420,5,2004,2004,23,K-shot fine-tuning,164,198.50545767240408,276.27312624500104,-25.18526255720999,0.2545527138078467,-0.2581100791650768,152,188.72119629030877
Graphormer-RT scratch179,external_OOD,0420,5,2006,2006,24,K-shot fine-tuning,164,534.1060793527016,683.059725268069,454.6114827347238,0.13231802250409969,-6.898397184907212,152,476.7756721265752
Graphormer-RT scratch179,external_OOD,0420,5,2011,2011,23,K-shot fine-tuning,164,235.9484822103163,305.610779027053,39.42866264501723,0.28610169076506814,-0.5958974393572238,152,259.5062881569137
Graphormer-RT scratch179,external_OOD,0420,5,2012,2012,23,K-shot fine-tuning,164,239.94248837414312,306.9106528805945,-172.20105430701884,0.2519163772545915,-0.5445972236847518,152,164.13265080164436
Graphormer-RT scratch179,external_OOD,0420,5,2016,2016,24,K-shot fine-tuning,164,189.03060645864505,268.9069769199089,46.68345981527393,0.2621201001481334,-0.2263511142188217,152,155.40064964772034
Graphormer-RT scratch179,external_OOD,0420,5,2020,2020,23,K-shot fine-tuning,164,309.0147724057116,377.3515193949416,-256.8818478867775,0.31043113867767375,-1.3457642422641145,152,217.80272434016717
Graphormer-RT scratch179,external_OOD,0420,5,2022,2022,23,K-shot fine-tuning,163,196.2785829612814,265.4773266650732,-110.97074971974261,0.3727345719510057,-0.20025479071203423,152,170.50651786043827
Graphormer-RT scratch179,external_OOD,0420,5,2027,2027,23,K-shot fine-tuning,164,187.13558013210212,254.88424894414635,25.619019572509497,0.017700048019958888,-0.04467908587255809,152,43.57837202622152
Graphormer-RT scratch179,external_OOD,0420,5,2032,2032,23,K-shot fine-tuning,164,167.5949402426074,243.91465683371894,-47.53649189341359,0.32885169722667734,0.02579343463397543,152,90.80957887894577
Graphormer-RT scratch179,external_OOD,0420,5,2034,2034,24,K-shot fine-tuning,164,253.34029140450605,346.10603831768645,69.83020501892742,0.26966589422155124,-1.0337852664669125,152,304.3013970598027
Graphormer-RT scratch179,external_OOD,0420,20,2004,2004,23,K-shot fine-tuning,149,198.51561198198556,280.7565954897371,-115.52518783699746,0.2853855705065166,-0.25305797472200964,136,141.7158124180709
Graphormer-RT scratch179,external_OOD,0420,20,2006,2006,24,K-shot fine-tuning,147,235.62270387703057,317.1219781172157,48.73851580279214,0.2667032503096861,-0.6583583266751933,137,261.4911101039475
Graphormer-RT scratch179,external_OOD,0420,20,2011,2011,23,K-shot fine-tuning,148,182.4370040432424,247.66854291758148,32.36965616107793,0.27367336777782414,0.015194670866697235,137,92.69836505948943
Graphormer-RT scratch179,external_OOD,0420,20,2012,2012,23,K-shot fine-tuning,149,230.33972042018937,296.25131459482435,-120.36464370837147,0.2778001498341285,-0.40110042206555274,137,189.32306998813374
Graphormer-RT scratch179,external_OOD,0420,20,2016,2016,24,K-shot fine-tuning,149,183.99954179689388,249.44560379061502,65.25014183365259,0.25249962813991567,-0.10495553283029468,137,162.32687194894908
Graphormer-RT scratch179,external_OOD,0420,20,2020,2020,23,K-shot fine-tuning,149,227.00693883351832,295.58795352689634,-160.89350935196717,0.33332154265814345,-0.5425167432635496,137,177.95182857314646
Graphormer-RT scratch179,external_OOD,0420,20,2022,2022,23,K-shot fine-tuning,148,232.35411446138815,289.61941066042925,113.28564591806483,0.18325856974218827,-0.431176848769963,137,162.35580354583504
Graphormer-RT scratch179,external_OOD,0420,20,2027,2027,23,K-shot fine-tuning,144,215.52734814273813,280.0776505907691,79.77426634170115,0.18321525710572514,-0.2533798024495797,137,153.5020119339667
Graphormer-RT scratch179,external_OOD,0420,20,2032,2032,23,K-shot fine-tuning,148,211.3490568071201,299.55240568903713,-166.42288720184888,0.2543925813163718,-0.3984515746109545,137,83.79401151843852
Graphormer-RT scratch179,external_OOD,0420,20,2034,2034,24,K-shot fine-tuning,149,177.88687070844156,246.80710474553723,-16.02354703233546,0.27439742781706283,0.04270037443204977,137,117.67252702437489
Graphormer-RT scratch179,external_OOD,0420,100,2004,2004,23,K-shot fine-tuning,63,278.61481355059715,309.5564348975895,239.5324595272541,0.4677949847519335,-1.2346780737940457,57,89.59754601395247
Graphormer-RT scratch179,external_OOD,0420,100,2006,2006,24,K-shot fine-tuning,59,206.4775022030887,276.5795273089715,104.04147744431334,0.2808463381845812,-0.29185284103816533,57,150.76946329509894
Graphormer-RT scratch179,external_OOD,0420,100,2011,2011,23,K-shot fine-tuning,59,196.8661026429322,250.88808353465126,55.675080393330525,-0.03620795466054129,-0.1383850644584912,57,74.21547870996613
Graphormer-RT scratch179,external_OOD,0420,100,2012,2012,23,K-shot fine-tuning,63,234.48625224686805,288.380652489287,77.52284318918274,0.2709933762559735,-0.43792997888155316,57,236.1313725671711
Graphormer-RT scratch179,external_OOD,0420,100,2016,2016,24,K-shot fine-tuning,65,294.3677085523422,342.9237680443013,241.70154419082863,0.025933859592211377,-1.2893972394008566,57,103.95381472214687
Graphormer-RT scratch179,external_OOD,0420,100,2020,2020,23,K-shot fine-tuning,60,199.05752781778574,262.4809184871078,60.192936100065694,0.3537478291414718,-0.15682561745088686,57,189.4066154911611
Graphormer-RT scratch179,external_OOD,0420,100,2022,2022,23,K-shot fine-tuning,61,235.505572169042,280.25044535547426,131.63058636862723,0.05510676278546502,-0.43257568935958624,57,136.96218930813157
Graphormer-RT scratch179,external_OOD,0420,100,2027,2027,23,K-shot fine-tuning,62,248.42375468823218,290.819957677929,134.49385882385315,0.45113643550416616,-0.18763826133457173,57,53.22402747064741
Graphormer-RT scratch179,external_OOD,0420,100,2032,2032,23,K-shot fine-tuning,61,205.19715718558578,276.27403009681404,18.78488564588986,0.22838632926010619,0.02595396590414356,57,143.0376680794969
Graphormer-RT scratch179,external_OOD,0420,100,2034,2034,24,K-shot fine-tuning,64,232.4214219697751,292.03023713864945,145.50152962328866,0.28048361796805993,-0.492087981584985,57,171.33250118644037
Graphormer-RT scratch179,external_OOD,0437,0,2004,,23,zero-shot,1953,768.7960240700942,896.0393662597753,734.3328418067089,0.7303705352710278,-15.463814514191924,1953,646.621169308755
Graphormer-RT scratch179,external_OOD,0437,0,2006,,24,zero-shot,1953,1249.9483931772468,1320.2794825525427,1240.0451535645145,0.8067507063682697,-34.744401750960776,1953,562.6946991077501
Graphormer-RT scratch179,external_OOD,0437,0,2011,,23,zero-shot,1953,593.5195009488779,637.8537603902577,579.1757014235295,0.8430269378053554,-7.3429285557891895,1953,388.2503962206434
Graphormer-RT scratch179,external_OOD,0437,0,2012,,23,zero-shot,1953,1173.7530456266484,1287.688653003355,1166.5217947649746,0.7143891589507182,-33.00149569116475,1953,677.7152571831798
Graphormer-RT scratch179,external_OOD,0437,0,2016,,24,zero-shot,1953,536.0206178090493,622.0866957023426,510.8143268696701,0.7888655607164007,-6.93556970694266,1953,493.38495108407665
Graphormer-RT scratch179,external_OOD,0437,0,2020,,23,zero-shot,1953,1050.1293796751243,1201.256524856188,1042.2651567489206,0.7148409132765261,-28.590193380747124,1953,730.8178091725741
Graphormer-RT scratch179,external_OOD,0437,0,2022,,23,zero-shot,1953,586.6441710747653,686.4190568654379,557.6385734688645,0.7935998125697976,-8.661731150763885,1953,540.5870532302561
Graphormer-RT scratch179,external_OOD,0437,0,2027,,23,zero-shot,1953,1044.2698136052136,1147.678737774689,1035.6562993290352,0.6898202580132564,-26.009525575862536,1953,614.4592989326604
Graphormer-RT scratch179,external_OOD,0437,0,2032,,23,zero-shot,1953,1008.6718352494358,1128.7167927967976,994.4962747695465,0.8314990802240797,-25.124395922838925,1953,691.5008234097659
Graphormer-RT scratch179,external_OOD,0437,0,2034,,24,zero-shot,1953,534.2911522672405,665.0387464753546,481.41942563368013,0.6977767575570744,-8.069225113083554,1953,581.2411708443528
Graphormer-RT scratch179,external_OOD,0437,5,2004,2004,23,K-shot fine-tuning,1948,134.63204149759204,171.86658753829877,21.466122731256625,0.6335014836243097,0.3950660111421701,1948,139.2779658873767
Graphormer-RT scratch179,external_OOD,0437,5,2006,2006,24,K-shot fine-tuning,1948,310.9987504594793,433.72415018241145,230.55811985864378,0.5843692244342565,-2.8746344304756013,1948,437.34178978543497
Graphormer-RT scratch179,external_OOD,0437,5,2011,2011,23,K-shot fine-tuning,1948,116.18282651916927,147.51626354348295,5.371183153620521,0.8330495794813748,0.5545843025393139,1948,137.04645445822933
Graphormer-RT scratch179,external_OOD,0437,5,2012,2012,23,K-shot fine-tuning,1948,292.45269280911884,381.26778187716485,242.2511572562334,0.7510577760796506,-1.9918447197872098,1948,409.65872289897663
Graphormer-RT scratch179,external_OOD,0437,5,2016,2016,24,K-shot fine-tuning,1948,115.10222482120186,151.03037314692423,32.53055655386,0.7887715842233819,0.5328871331681446,1947,157.9161030115276
Graphormer-RT scratch179,external_OOD,0437,5,2020,2020,23,K-shot fine-tuning,1948,366.24137911939846,473.96146413718577,307.6993555162347,0.7031768363003881,-3.6096971192828873,1948,472.6321469376899
Graphormer-RT scratch179,external_OOD,0437,5,2022,2022,23,K-shot fine-tuning,1948,114.85408306708922,153.78608830892054,-2.2708289004915856,0.7501326732908845,0.5157158886607165,1948,162.27822800515156
Graphormer-RT scratch179,external_OOD,0437,5,2027,2027,23,K-shot fine-tuning,1948,171.1086184718671,230.35395256655784,-127.07198552406743,0.5264632323961612,-0.0868961269362234,1948,68.6622172310768
Graphormer-RT scratch179,external_OOD,0437,5,2032,2032,23,K-shot fine-tuning,1948,125.92213106192496,165.00185299333413,-84.1567847706584,0.8229268742139931,0.4428572872434581,1948,165.87551863951856
Graphormer-RT scratch179,external_OOD,0437,5,2034,2034,24,K-shot fine-tuning,1948,137.9287623283042,181.05634460104957,65.157670545386,0.7111066226131628,0.3278718583801641,1947,182.7077392022504
Graphormer-RT scratch179,external_OOD,0437,20,2004,2004,23,K-shot fine-tuning,1933,117.91113602523622,152.30853142653112,-12.436988887575104,0.7624479982672826,0.5249284538728166,1933,177.86269460933067
Graphormer-RT scratch179,external_OOD,0437,20,2006,2006,24,K-shot fine-tuning,1933,417.67350030871205,497.15667688013554,182.12385477562736,0.6200320393100542,-4.082049626837881,1846,559.4581146623308
Graphormer-RT scratch179,external_OOD,0437,20,2011,2011,23,K-shot fine-tuning,1933,139.55897057792234,173.96949741241306,-81.13208938239694,0.7911150496436334,0.37650124156417364,1933,232.82983127528053
Graphormer-RT scratch179,external_OOD,0437,20,2012,2012,23,K-shot fine-tuning,1933,106.96559585775434,143.57623880822254,18.736626194048995,0.7975415394923218,0.5754622952500816,1933,216.15054832813487
Graphormer-RT scratch179,external_OOD,0437,20,2016,2016,24,K-shot fine-tuning,1933,117.72549187690328,156.03216997103354,-6.633744805384441,0.7545988903832533,0.5026263793323148,1932,177.2752773527554
Graphormer-RT scratch179,external_OOD,0437,20,2020,2020,23,K-shot fine-tuning,1933,291.418669162587,390.7264980922751,180.47509443827178,0.6753053608884768,-2.136543524826761,1933,445.3551321470518
Graphormer-RT scratch179,external_OOD,0437,20,2022,2022,23,K-shot fine-tuning,1933,106.04566352685698,138.50827843406492,-6.946356780634325,0.8040334309213153,0.6073754488238691,1932,170.126417547403
Graphormer-RT scratch179,external_OOD,0437,20,2027,2027,23,K-shot fine-tuning,1933,124.19712877424267,165.78241992617805,-62.726486044990324,0.7544359623339421,0.43977530950981947,1933,118.58444109686003
Graphormer-RT scratch179,external_OOD,0437,20,2032,2032,23,K-shot fine-tuning,1933,112.40587238052767,148.91093406963705,-33.02766964855169,0.8032244661426718,0.5473971913553137,1933,149.20431486978464
Graphormer-RT scratch179,external_OOD,0437,20,2034,2034,24,K-shot fine-tuning,1933,122.73282533684005,159.3957136550962,71.41626538035247,0.8055345657039438,0.47854582542818314,1932,223.39585268924284
Graphormer-RT scratch179,external_OOD,0437,100,2004,2004,23,K-shot fine-tuning,1853,103.96755241532094,132.430745157875,10.332030102688995,0.8476559508257921,0.6429756801207696,1853,167.82517178921245
Graphormer-RT scratch179,external_OOD,0437,100,2006,2006,24,K-shot fine-tuning,1853,112.96462907827285,144.7548118318861,43.450913348532225,0.8464428878665838,0.5664695334048788,1851,240.15207927339262
Graphormer-RT scratch179,external_OOD,0437,100,2011,2011,23,K-shot fine-tuning,1853,90.85184535392622,118.39364728121505,-7.740013566244086,0.8770143747655919,0.711238950919526,1853,210.27219565535458
Graphormer-RT scratch179,external_OOD,0437,100,2012,2012,23,K-shot fine-tuning,1853,117.52524576514267,151.24755863316705,57.0626738564153,0.7995838360212939,0.530004813694398,1853,203.9631239002731
Graphormer-RT scratch179,external_OOD,0437,100,2016,2016,24,K-shot fine-tuning,1853,110.78033036377967,142.30705892735003,65.72635009024378,0.8653873655848888,0.5859372214520866,1853,210.0153747059106
Graphormer-RT scratch179,external_OOD,0437,100,2020,2020,23,K-shot fine-tuning,1853,106.03829459762186,131.7260224805846,4.84170777526173,0.8147278095233139,0.6438549234056796,1852,200.7135029475015
Graphormer-RT scratch179,external_OOD,0437,100,2022,2022,23,K-shot fine-tuning,1853,88.89723839806227,116.94472347850461,-29.346363948677208,0.8778751096830203,0.7212211881257813,1853,186.54883229694536
Graphormer-RT scratch179,external_OOD,0437,100,2027,2027,23,K-shot fine-tuning,1853,114.68295832589284,139.09107251633782,39.47994249701476,0.8786001386475213,0.6080810017308661,1852,143.57047845418253
Graphormer-RT scratch179,external_OOD,0437,100,2032,2032,23,K-shot fine-tuning,1853,114.31408139358838,140.00659744311994,45.511525554539254,0.8437596922502277,0.6002025769292683,1853,177.98751670530103
Graphormer-RT scratch179,external_OOD,0437,100,2034,2034,24,K-shot fine-tuning,1853,124.27554596255695,158.12496699153397,56.574804699817385,0.7634384672474891,0.48681839391227555,1853,147.05060092273635
Graphormer-RT scratch179,external_OOD,0437,1000,2004,2004,23,K-shot fine-tuning,953,71.74293191542561,94.97132796617306,9.35834638504673,0.9163638998894755,0.8146383351853812,953,205.87720190228256
Graphormer-RT scratch179,external_OOD,0437,1000,2006,2006,24,K-shot fine-tuning,953,73.57658958111392,101.2991312832049,-6.17032013598982,0.9080175055689392,0.7810474531192758,953,185.69447874786277
Graphormer-RT scratch179,external_OOD,0437,1000,2011,2011,23,K-shot fine-tuning,953,83.72794586094048,115.29633664522291,-0.20881509359492084,0.9076632941577778,0.7308192413249,953,164.8136382285127
Graphormer-RT scratch179,external_OOD,0437,1000,2012,2012,23,K-shot fine-tuning,953,74.34773174576766,99.04342638685424,-15.27966410830492,0.9026504215469465,0.7889341718894332,953,204.03982302157394
Graphormer-RT scratch179,external_OOD,0437,1000,2016,2016,24,K-shot fine-tuning,953,71.0959819679081,97.75310732187458,19.98643184389532,0.9251894224496612,0.7980507574004441,953,180.4861184610799
Graphormer-RT scratch179,external_OOD,0437,1000,2020,2020,23,K-shot fine-tuning,953,72.88723827827359,100.3258305035324,-17.447520662118666,0.9042227186543654,0.7813243086639481,953,164.0569493529963
Graphormer-RT scratch179,external_OOD,0437,1000,2022,2022,23,K-shot fine-tuning,953,77.2020335681541,103.03829886212718,-8.357743413069315,0.8999051403529705,0.7775440186981394,953,197.3936668857194
Graphormer-RT scratch179,external_OOD,0437,1000,2027,2027,23,K-shot fine-tuning,953,79.65089392419299,110.35011610554507,-40.33373432538833,0.9103224558315102,0.7542115919803632,953,179.2163818339089
Graphormer-RT scratch179,external_OOD,0437,1000,2032,2032,23,K-shot fine-tuning,953,72.67981615202875,97.63336240372126,-5.559798873421528,0.9194149828899547,0.8043880175892962,953,173.32202816163928
Graphormer-RT scratch179,external_OOD,0437,1000,2034,2034,24,K-shot fine-tuning,953,70.37428419270864,95.37331609316236,-21.07538361540152,0.9203333170657813,0.8128413056913395,953,175.38812793934036
