model,ood_tier,method_id,method_name,K,repeat_seed,n_total,n_total_molecules,n_support,n_support_rows,n_query,n_query_molecules,mode,unirt_seed,checkpoint,dataset_signature,support_rng_seed,head_init_seed,mae_sec,rmse_sec,medae_sec,mape_pct,r2
Uni-RT GINKAN,external_OOD,0390,CHEBI:182209,0,-1,3381,3381,0,0,3381,3381,zero_shot_source_task_ensemble,2,best_model.pth,3655bc4b1ebd43a3,,,211.44423115560065,223.58664657700163,209.74968096130803,133.50071071308432,-7.946542103525633
Uni-RT GINKAN,external_OOD,0390,CHEBI:182209,5,2004,3381,3381,5,5,3376,3376,frozen_backbone_fresh_head,2,best_model.pth,3655bc4b1ebd43a3,1115009.0,3109.0,836.6931011657996,1737.0855588288853,260.1933182057203,417.3120950358296,-538.5544810504348
Uni-RT GINKAN,external_OOD,0390,CHEBI:182209,5,2006,3381,3381,5,5,3376,3376,frozen_backbone_fresh_head,2,best_model.pth,3655bc4b1ebd43a3,1115011.0,3111.0,238.13931741474264,313.7311309060966,205.5026816595971,178.56455663317058,-16.5996698426596
Uni-RT GINKAN,external_OOD,0390,CHEBI:182209,5,2011,3381,3381,5,5,3376,3376,frozen_backbone_fresh_head,2,best_model.pth,3655bc4b1ebd43a3,1115016.0,3116.0,299.6609861333039,536.0117069032572,183.7564379714994,228.2823232658678,-50.38502478670112
Uni-RT GINKAN,external_OOD,0390,CHEBI:182209,5,2012,3381,3381,5,5,3376,3376,frozen_backbone_fresh_head,2,best_model.pth,3655bc4b1ebd43a3,1115017.0,3117.0,182.51185826052415,311.49331538567344,113.94983056598537,101.35694128137918,-16.39381457613714
Uni-RT GINKAN,external_OOD,0390,CHEBI:182209,5,2016,3381,3381,5,5,3376,3376,frozen_backbone_fresh_head,2,best_model.pth,3655bc4b1ebd43a3,1115021.0,3121.0,171.17283951850771,303.92052064526325,102.52774254838592,106.16810547313293,-15.522049073091296
Uni-RT GINKAN,external_OOD,0390,CHEBI:182209,5,2020,3381,3381,5,5,3376,3376,frozen_backbone_fresh_head,2,best_model.pth,3655bc4b1ebd43a3,1115025.0,3125.0,199.27580674898985,268.5173837821702,157.89275165124275,152.1044129457637,-11.886654710897368
Uni-RT GINKAN,external_OOD,0390,CHEBI:182209,5,2022,3381,3381,5,5,3376,3376,frozen_backbone_fresh_head,2,best_model.pth,3655bc4b1ebd43a3,1115027.0,3127.0,283.43144335748264,533.3835771140626,158.59676506690164,205.4103735576624,-49.93460438774053
Uni-RT GINKAN,external_OOD,0390,CHEBI:182209,5,2027,3381,3381,5,5,3376,3376,frozen_backbone_fresh_head,2,best_model.pth,3655bc4b1ebd43a3,1115032.0,3132.0,133.8074682161834,174.1669513836323,112.401728388166,82.03394296624893,-4.426427926007316
Uni-RT GINKAN,external_OOD,0390,CHEBI:182209,5,2032,3381,3381,5,5,3376,3376,frozen_backbone_fresh_head,2,best_model.pth,3655bc4b1ebd43a3,1115037.0,3137.0,193.75361529165875,390.7678125288223,100.07170791983388,105.51789774479847,-26.299096111116892
Uni-RT GINKAN,external_OOD,0390,CHEBI:182209,5,2034,3381,3381,5,5,3376,3376,frozen_backbone_fresh_head,2,best_model.pth,3655bc4b1ebd43a3,1115039.0,3139.0,155.2920862896993,245.2031723728729,105.82252662211512,112.24818919988569,-9.756040779651356
Uni-RT GINKAN,external_OOD,0390,CHEBI:182209,20,2004,3381,3381,20,20,3361,3361,frozen_backbone_fresh_head,2,best_model.pth,3655bc4b1ebd43a3,1115024.0,3124.0,76.69012927055186,99.70846039426492,61.98372561802458,50.80834400977461,-0.7762567588098075
Uni-RT GINKAN,external_OOD,0390,CHEBI:182209,20,2006,3381,3381,20,20,3361,3361,frozen_backbone_fresh_head,2,best_model.pth,3655bc4b1ebd43a3,1115026.0,3126.0,96.92994581132002,165.19459535368304,63.60234566627861,64.15827185680946,-3.886197394885596
Uni-RT GINKAN,external_OOD,0390,CHEBI:182209,20,2011,3381,3381,20,20,3361,3361,frozen_backbone_fresh_head,2,best_model.pth,3655bc4b1ebd43a3,1115031.0,3131.0,114.29580204884772,172.634974457603,88.00715778541289,68.53713248239622,-4.33753108148235
Uni-RT GINKAN,external_OOD,0390,CHEBI:182209,20,2012,3381,3381,20,20,3361,3361,frozen_backbone_fresh_head,2,best_model.pth,3655bc4b1ebd43a3,1115032.0,3132.0,127.03677765614046,189.41782315252593,86.73974668615801,79.53280025795021,-5.42483307135343
Uni-RT GINKAN,external_OOD,0390,CHEBI:182209,20,2016,3381,3381,20,20,3361,3361,frozen_backbone_fresh_head,2,best_model.pth,3655bc4b1ebd43a3,1115036.0,3136.0,118.76378052317683,180.2277989858249,80.40814838083134,71.46127451242408,-4.811163502528334
Uni-RT GINKAN,external_OOD,0390,CHEBI:182209,20,2020,3381,3381,20,20,3361,3361,frozen_backbone_fresh_head,2,best_model.pth,3655bc4b1ebd43a3,1115040.0,3140.0,90.31545430646686,127.73958115771867,68.63466147279146,57.96335456238552,-1.9174233062663513
Uni-RT GINKAN,external_OOD,0390,CHEBI:182209,20,2022,3381,3381,20,20,3361,3361,frozen_backbone_fresh_head,2,best_model.pth,3655bc4b1ebd43a3,1115042.0,3142.0,109.3225626409733,148.77605554187335,86.58598246833014,68.70871855853578,-2.969304860040816
Uni-RT GINKAN,external_OOD,0390,CHEBI:182209,20,2027,3381,3381,20,20,3361,3361,frozen_backbone_fresh_head,2,best_model.pth,3655bc4b1ebd43a3,1115047.0,3147.0,66.46749601984229,88.45972972090458,53.88431429807764,44.63308832884806,-0.4001907213796527
Uni-RT GINKAN,external_OOD,0390,CHEBI:182209,20,2032,3381,3381,20,20,3361,3361,frozen_backbone_fresh_head,2,best_model.pth,3655bc4b1ebd43a3,1115052.0,3152.0,113.76559163922036,147.67682319918657,96.97774937201147,65.60529374102299,-2.901009892651646
Uni-RT GINKAN,external_OOD,0390,CHEBI:182209,20,2034,3381,3381,20,20,3361,3361,frozen_backbone_fresh_head,2,best_model.pth,3655bc4b1ebd43a3,1115054.0,3154.0,112.41013096297289,364.6582949768604,76.65373670964811,76.75662811975387,-22.757585208294618
Uni-RT GINKAN,external_OOD,0390,CHEBI:182209,100,2004,3381,3381,100,100,3281,3281,frozen_backbone_fresh_head,2,best_model.pth,3655bc4b1ebd43a3,1115104.0,3204.0,73.57047098053513,159.6419785866599,46.72630745553403,51.39587922020438,-3.544745243377025
Uni-RT GINKAN,external_OOD,0390,CHEBI:182209,100,2006,3381,3381,100,100,3281,3281,frozen_backbone_fresh_head,2,best_model.pth,3655bc4b1ebd43a3,1115106.0,3206.0,53.77197981132116,73.57684039503674,41.130116462744354,34.62423162314209,0.0394312101035201
Uni-RT GINKAN,external_OOD,0390,CHEBI:182209,100,2011,3381,3381,100,100,3281,3281,frozen_backbone_fresh_head,2,best_model.pth,3655bc4b1ebd43a3,1115111.0,3211.0,59.09889869977662,81.02184501906149,44.9021897969732,39.15350521742999,-0.170169897616123
Uni-RT GINKAN,external_OOD,0390,CHEBI:182209,100,2012,3381,3381,100,100,3281,3281,frozen_backbone_fresh_head,2,best_model.pth,3655bc4b1ebd43a3,1115112.0,3212.0,142.04043642334975,910.8105856645784,54.49411984220663,101.90291045665728,-147.36706553776727
Uni-RT GINKAN,external_OOD,0390,CHEBI:182209,100,2016,3381,3381,100,100,3281,3281,frozen_backbone_fresh_head,2,best_model.pth,3655bc4b1ebd43a3,1115116.0,3216.0,60.67299077235596,84.421256798018,44.63584285673504,41.392268901358314,-0.268520962555216
Uni-RT GINKAN,external_OOD,0390,CHEBI:182209,100,2020,3381,3381,100,100,3281,3281,frozen_backbone_fresh_head,2,best_model.pth,3655bc4b1ebd43a3,1115120.0,3220.0,64.60627142660074,86.84575799248809,50.08446583498045,42.87701548964365,-0.3462062831516685
Uni-RT GINKAN,external_OOD,0390,CHEBI:182209,100,2022,3381,3381,100,100,3281,3281,frozen_backbone_fresh_head,2,best_model.pth,3655bc4b1ebd43a3,1115122.0,3222.0,75.02453566388982,124.30949098359343,52.60626071714146,49.85624280983408,-1.7573092653623426
Uni-RT GINKAN,external_OOD,0390,CHEBI:182209,100,2027,3381,3381,100,100,3281,3281,frozen_backbone_fresh_head,2,best_model.pth,3655bc4b1ebd43a3,1115127.0,3227.0,69.73157136324875,94.43923824738692,54.51781913315898,48.1471536846177,-0.5974151362762601
Uni-RT GINKAN,external_OOD,0390,CHEBI:182209,100,2032,3381,3381,100,100,3281,3281,frozen_backbone_fresh_head,2,best_model.pth,3655bc4b1ebd43a3,1115132.0,3232.0,68.95461540144113,103.23246186357454,50.54938997350365,44.73963958545759,-0.9010072164994798
Uni-RT GINKAN,external_OOD,0390,CHEBI:182209,100,2034,3381,3381,100,100,3281,3281,frozen_backbone_fresh_head,2,best_model.pth,3655bc4b1ebd43a3,1115134.0,3234.0,68.37346003874814,121.6741769214642,46.03187155922927,41.14831711249277,-1.6397666119166323
Uni-RT GINKAN,external_OOD,0390,CHEBI:182209,1000,2004,3381,3381,1000,1000,2381,2381,frozen_backbone_fresh_head,2,best_model.pth,3655bc4b1ebd43a3,1116004.0,4104.0,37.41816979424499,50.51388107758228,28.518642670761665,26.17048137620856,0.5236667071431911
Uni-RT GINKAN,external_OOD,0390,CHEBI:182209,1000,2006,3381,3381,1000,1000,2381,2381,frozen_backbone_fresh_head,2,best_model.pth,3655bc4b1ebd43a3,1116006.0,4106.0,39.66805618332228,56.95821278443216,29.206672886061696,28.13876686840004,0.4158298656288095
Uni-RT GINKAN,external_OOD,0390,CHEBI:182209,1000,2011,3381,3381,1000,1000,2381,2381,frozen_backbone_fresh_head,2,best_model.pth,3655bc4b1ebd43a3,1116011.0,4111.0,36.230825271361994,49.492227030518585,27.3036102749129,24.19952182854844,0.5584990994217329
Uni-RT GINKAN,external_OOD,0390,CHEBI:182209,1000,2012,3381,3381,1000,1000,2381,2381,frozen_backbone_fresh_head,2,best_model.pth,3655bc4b1ebd43a3,1116012.0,4112.0,45.49447261974355,60.6557288965561,34.50282033197712,30.804338040284673,0.3523541491254841
Uni-RT GINKAN,external_OOD,0390,CHEBI:182209,1000,2016,3381,3381,1000,1000,2381,2381,frozen_backbone_fresh_head,2,best_model.pth,3655bc4b1ebd43a3,1116016.0,4116.0,43.142438483695834,62.38406588126608,31.55394685318697,28.998262971380967,0.3134325221462063
Uni-RT GINKAN,external_OOD,0390,CHEBI:182209,1000,2020,3381,3381,1000,1000,2381,2381,frozen_backbone_fresh_head,2,best_model.pth,3655bc4b1ebd43a3,1116020.0,4120.0,42.58627095565352,58.38400250886053,31.842038610691304,27.779696579738644,0.3952565751815683
Uni-RT GINKAN,external_OOD,0390,CHEBI:182209,1000,2022,3381,3381,1000,1000,2381,2381,frozen_backbone_fresh_head,2,best_model.pth,3655bc4b1ebd43a3,1116022.0,4122.0,39.94458880160196,53.39074179049667,30.44916965679924,27.03336845679688,0.4897991149047512
Uni-RT GINKAN,external_OOD,0390,CHEBI:182209,1000,2027,3381,3381,1000,1000,2381,2381,frozen_backbone_fresh_head,2,best_model.pth,3655bc4b1ebd43a3,1116027.0,4127.0,36.1144138822028,49.21699143419522,27.051113048634484,24.66338578955111,0.5639147928008352
Uni-RT GINKAN,external_OOD,0390,CHEBI:182209,1000,2032,3381,3381,1000,1000,2381,2381,frozen_backbone_fresh_head,2,best_model.pth,3655bc4b1ebd43a3,1116032.0,4132.0,45.34731284469596,75.7240597797761,33.907412872414554,29.692158993527062,-0.0243757833169133
Uni-RT GINKAN,external_OOD,0390,CHEBI:182209,1000,2034,3381,3381,1000,1000,2381,2381,frozen_backbone_fresh_head,2,best_model.pth,3655bc4b1ebd43a3,1116034.0,4134.0,39.63452601056283,54.279186119766635,30.159532167912843,26.93677642511657,0.4762039292224344
Uni-RT GINKAN,external_OOD,0391,ticlopidine,0,-1,6541,6541,0,0,6541,6541,zero_shot_source_task_ensemble,2,best_model.pth,1f344771e53cc296,,,194.03177395051128,204.4512078928161,195.99092065953593,120.85555008477932,-6.536976258224864
Uni-RT GINKAN,external_OOD,0391,ticlopidine,5,2004,6541,6541,5,5,6536,6536,frozen_backbone_fresh_head,2,best_model.pth,1f344771e53cc296,1115009.0,3109.0,322.16549843270644,625.3790539281034,139.69558810505782,158.79314073196005,-69.52017105753578
Uni-RT GINKAN,external_OOD,0391,ticlopidine,5,2006,6541,6541,5,5,6536,6536,frozen_backbone_fresh_head,2,best_model.pth,1f344771e53cc296,1115011.0,3111.0,284.3874402743283,403.40296651266505,199.93018086705027,192.8067828875226,-28.33659865684718
Uni-RT GINKAN,external_OOD,0391,ticlopidine,5,2011,6541,6541,5,5,6536,6536,frozen_backbone_fresh_head,2,best_model.pth,1f344771e53cc296,1115016.0,3116.0,346.261104628333,933.2018576140844,153.67887837397663,219.0912121698075,-156.02397085783966
Uni-RT GINKAN,external_OOD,0391,ticlopidine,5,2012,6541,6541,5,5,6536,6536,frozen_backbone_fresh_head,2,best_model.pth,1f344771e53cc296,1115017.0,3117.0,386.8419807131115,1063.238872154531,122.82882063158426,166.64389486746322,-202.7588933101316
Uni-RT GINKAN,external_OOD,0391,ticlopidine,5,2016,6541,6541,5,5,6536,6536,frozen_backbone_fresh_head,2,best_model.pth,1f344771e53cc296,1115021.0,3121.0,146.06589299872522,181.543825331864,134.02167870314602,88.57636349636235,-4.945669644831022
Uni-RT GINKAN,external_OOD,0391,ticlopidine,5,2020,6541,6541,5,5,6536,6536,frozen_backbone_fresh_head,2,best_model.pth,1f344771e53cc296,1115025.0,3125.0,329.8610008125362,592.0098476086563,167.6349856982461,194.3088453948692,-62.18631995913787
Uni-RT GINKAN,external_OOD,0391,ticlopidine,5,2022,6541,6541,5,5,6536,6536,frozen_backbone_fresh_head,2,best_model.pth,1f344771e53cc296,1115027.0,3127.0,223.51365909433036,332.4443990527516,175.68757767119857,153.88251695574306,-18.91966875714945
Uni-RT GINKAN,external_OOD,0391,ticlopidine,5,2027,6541,6541,5,5,6536,6536,frozen_backbone_fresh_head,2,best_model.pth,1f344771e53cc296,1115032.0,3132.0,153.26321050530825,275.43355901666183,116.40664578034335,82.01801127959622,-12.67839064289248
Uni-RT GINKAN,external_OOD,0391,ticlopidine,5,2032,6541,6541,5,5,6536,6536,frozen_backbone_fresh_head,2,best_model.pth,1f344771e53cc296,1115037.0,3137.0,122.0693869890926,173.91576732441325,100.7115012877608,69.52648004218578,-4.459005497672677
Uni-RT GINKAN,external_OOD,0391,ticlopidine,5,2034,6541,6541,5,5,6536,6536,frozen_backbone_fresh_head,2,best_model.pth,1f344771e53cc296,1115039.0,3139.0,187.7221075351449,423.1271954924849,113.24576678882976,110.50217066224464,-31.287903127042235
Uni-RT GINKAN,external_OOD,0391,ticlopidine,20,2004,6541,6541,20,20,6521,6521,frozen_backbone_fresh_head,2,best_model.pth,1f344771e53cc296,1115024.0,3124.0,121.52599368268304,165.6444350902958,98.78007355816072,91.8062505526184,-3.945993678726272
Uni-RT GINKAN,external_OOD,0391,ticlopidine,20,2006,6541,6541,20,20,6521,6521,frozen_backbone_fresh_head,2,best_model.pth,1f344771e53cc296,1115026.0,3126.0,141.05796633321356,210.40837564680203,98.60340073820038,90.74678565327793,-7.0021679950934566
Uni-RT GINKAN,external_OOD,0391,ticlopidine,20,2011,6541,6541,20,20,6521,6521,frozen_backbone_fresh_head,2,best_model.pth,1f344771e53cc296,1115031.0,3131.0,158.95347620596593,250.19373290240404,104.03815886659967,98.65709130844328,-10.301971147364196
Uni-RT GINKAN,external_OOD,0391,ticlopidine,20,2012,6541,6541,20,20,6521,6521,frozen_backbone_fresh_head,2,best_model.pth,1f344771e53cc296,1115032.0,3132.0,124.84557789576613,167.60950390007744,100.49905122670334,83.2152507852833,-4.060085756278032
Uni-RT GINKAN,external_OOD,0391,ticlopidine,20,2016,6541,6541,20,20,6521,6521,frozen_backbone_fresh_head,2,best_model.pth,1f344771e53cc296,1115036.0,3136.0,133.78851214421906,197.02730964724552,95.91471655318016,81.17366325257032,-6.00443188140872
Uni-RT GINKAN,external_OOD,0391,ticlopidine,20,2020,6541,6541,20,20,6521,6521,frozen_backbone_fresh_head,2,best_model.pth,1f344771e53cc296,1115040.0,3140.0,105.29634244901904,145.73613519268537,79.51570060308377,62.973782959728,-2.8248406813144173
Uni-RT GINKAN,external_OOD,0391,ticlopidine,20,2022,6541,6541,20,20,6521,6521,frozen_backbone_fresh_head,2,best_model.pth,1f344771e53cc296,1115042.0,3142.0,136.3312416541797,210.983287192546,89.36042217538841,82.97142295315687,-7.030596500137991
Uni-RT GINKAN,external_OOD,0391,ticlopidine,20,2027,6541,6541,20,20,6521,6521,frozen_backbone_fresh_head,2,best_model.pth,1f344771e53cc296,1115047.0,3147.0,86.56645885204078,140.18963218404804,65.427192038696,50.61297605844668,-2.542998874599103
Uni-RT GINKAN,external_OOD,0391,ticlopidine,20,2032,6541,6541,20,20,6521,6521,frozen_backbone_fresh_head,2,best_model.pth,1f344771e53cc296,1115052.0,3152.0,97.87833975752154,132.67606187082163,77.1315992125102,68.38841234465632,-2.1740699492254376
Uni-RT GINKAN,external_OOD,0391,ticlopidine,20,2034,6541,6541,20,20,6521,6521,frozen_backbone_fresh_head,2,best_model.pth,1f344771e53cc296,1115054.0,3154.0,100.41104647411058,132.90380069255568,79.18620422350153,66.22146588253719,-2.1825683233230886
Uni-RT GINKAN,external_OOD,0391,ticlopidine,100,2004,6541,6541,100,100,6441,6441,frozen_backbone_fresh_head,2,best_model.pth,1f344771e53cc296,1115104.0,3204.0,73.03544816710128,96.71114493544104,57.33320338418709,51.60204893794518,-0.6821974353561673
Uni-RT GINKAN,external_OOD,0391,ticlopidine,100,2006,6541,6541,100,100,6441,6441,frozen_backbone_fresh_head,2,best_model.pth,1f344771e53cc296,1115106.0,3206.0,64.10644796610056,96.23453938858697,50.461063696338414,42.094721392233566,-0.666621351543675
Uni-RT GINKAN,external_OOD,0391,ticlopidine,100,2011,6541,6541,100,100,6441,6441,frozen_backbone_fresh_head,2,best_model.pth,1f344771e53cc296,1115111.0,3211.0,79.41915547781642,110.68221934873876,60.19966537430108,48.123616127805555,-1.2069429194439691
Uni-RT GINKAN,external_OOD,0391,ticlopidine,100,2012,6541,6541,100,100,6441,6441,frozen_backbone_fresh_head,2,best_model.pth,1f344771e53cc296,1115112.0,3212.0,78.17184262256201,142.4692321949698,53.9767965706676,48.187314482098984,-2.6571593480581543
Uni-RT GINKAN,external_OOD,0391,ticlopidine,100,2016,6541,6541,100,100,6441,6441,frozen_backbone_fresh_head,2,best_model.pth,1f344771e53cc296,1115116.0,3216.0,71.78728049506724,105.38495158325826,55.22271254657042,44.76795051239112,-0.998573736086994
Uni-RT GINKAN,external_OOD,0391,ticlopidine,100,2020,6541,6541,100,100,6441,6441,frozen_backbone_fresh_head,2,best_model.pth,1f344771e53cc296,1115120.0,3220.0,72.1252156266477,97.20233094229138,56.07416897387691,47.72001219649715,-0.7058104147530624
Uni-RT GINKAN,external_OOD,0391,ticlopidine,100,2022,6541,6541,100,100,6441,6441,frozen_backbone_fresh_head,2,best_model.pth,1f344771e53cc296,1115122.0,3222.0,65.01193863746765,95.5499630963504,50.93371505902877,44.52322741387753,-0.6473269989165964
Uni-RT GINKAN,external_OOD,0391,ticlopidine,100,2027,6541,6541,100,100,6441,6441,frozen_backbone_fresh_head,2,best_model.pth,1f344771e53cc296,1115127.0,3227.0,68.76700663149494,88.4667046717212,57.15972023982778,46.302703664976654,-0.4059406952337328
Uni-RT GINKAN,external_OOD,0391,ticlopidine,100,2032,6541,6541,100,100,6441,6441,frozen_backbone_fresh_head,2,best_model.pth,1f344771e53cc296,1115132.0,3232.0,68.22868737279032,89.4495693393553,55.07095671815952,43.5984079993377,-0.4438924520378693
Uni-RT GINKAN,external_OOD,0391,ticlopidine,100,2034,6541,6541,100,100,6441,6441,frozen_backbone_fresh_head,2,best_model.pth,1f344771e53cc296,1115134.0,3234.0,82.42549289235639,214.26301367992676,56.10375067069151,47.95666682187393,-7.261197945034077
Uni-RT GINKAN,external_OOD,0391,ticlopidine,1000,2004,6541,6541,1000,1000,5541,5541,frozen_backbone_fresh_head,2,best_model.pth,1f344771e53cc296,1116004.0,4104.0,45.04930530151413,59.55121121796369,36.51930948729327,30.76266821378237,0.354735124386582
Uni-RT GINKAN,external_OOD,0391,ticlopidine,1000,2006,6541,6541,1000,1000,5541,5541,frozen_backbone_fresh_head,2,best_model.pth,1f344771e53cc296,1116006.0,4106.0,43.27590808088375,60.505550854096526,34.55832266573316,29.64868434123381,0.3359165316575849
Uni-RT GINKAN,external_OOD,0391,ticlopidine,1000,2011,6541,6541,1000,1000,5541,5541,frozen_backbone_fresh_head,2,best_model.pth,1f344771e53cc296,1116011.0,4111.0,40.62140487910797,53.656201004295475,32.306336769389304,27.0154549055379,0.4804740318681707
Uni-RT GINKAN,external_OOD,0391,ticlopidine,1000,2012,6541,6541,1000,1000,5541,5541,frozen_backbone_fresh_head,2,best_model.pth,1f344771e53cc296,1116012.0,4112.0,54.56608242890317,71.19420823528326,43.810147733045994,36.085837263762855,0.0876698137971644
Uni-RT GINKAN,external_OOD,0391,ticlopidine,1000,2016,6541,6541,1000,1000,5541,5541,frozen_backbone_fresh_head,2,best_model.pth,1f344771e53cc296,1116016.0,4116.0,45.69859809160145,58.961620936604795,38.21594676786849,32.36222903974618,0.3680586449124212
Uni-RT GINKAN,external_OOD,0391,ticlopidine,1000,2020,6541,6541,1000,1000,5541,5541,frozen_backbone_fresh_head,2,best_model.pth,1f344771e53cc296,1116020.0,4120.0,47.55131270364651,62.54321527162764,38.05102717325828,31.7571168422423,0.2945405859730011
Uni-RT GINKAN,external_OOD,0391,ticlopidine,1000,2022,6541,6541,1000,1000,5541,5541,frozen_backbone_fresh_head,2,best_model.pth,1f344771e53cc296,1116022.0,4122.0,46.03156835755028,62.94166581801685,36.38931393707486,30.899244640649098,0.2924999105609813
Uni-RT GINKAN,external_OOD,0391,ticlopidine,1000,2027,6541,6541,1000,1000,5541,5541,frozen_backbone_fresh_head,2,best_model.pth,1f344771e53cc296,1116027.0,4127.0,42.561330143810586,55.7330741573143,34.66349993218219,28.853837131863003,0.4376844650920917
Uni-RT GINKAN,external_OOD,0391,ticlopidine,1000,2032,6541,6541,1000,1000,5541,5541,frozen_backbone_fresh_head,2,best_model.pth,1f344771e53cc296,1116032.0,4132.0,48.06921791609917,63.70504739415576,39.209673135695255,32.81650619524417,0.2624361733448638
Uni-RT GINKAN,external_OOD,0391,ticlopidine,1000,2034,6541,6541,1000,1000,5541,5541,frozen_backbone_fresh_head,2,best_model.pth,1f344771e53cc296,1116034.0,4134.0,45.76466603988041,59.40699738409762,37.31376752841978,32.35582141865838,0.365274632900878
Uni-RT GINKAN,external_OOD,0411,Thermo Scientific Hypersil GOLD aQ,0,-1,45,45,0,0,45,45,zero_shot_source_task_ensemble,2,best_model.pth,a97a4b51281dd815,,,38.62053476178804,51.9061160904906,27.233569418480783,12.4749596932047,0.5425973732324962
Uni-RT GINKAN,external_OOD,0411,Thermo Scientific Hypersil GOLD aQ,5,2004,45,45,5,5,40,40,frozen_backbone_fresh_head,2,best_model.pth,a97a4b51281dd815,1115009.0,3109.0,191.9682354080957,302.1611926160936,125.41347773120688,53.500933998061726,-14.06623872882912
Uni-RT GINKAN,external_OOD,0411,Thermo Scientific Hypersil GOLD aQ,5,2006,45,45,5,5,40,40,frozen_backbone_fresh_head,2,best_model.pth,a97a4b51281dd815,1115011.0,3111.0,202.47096882208552,227.66216049928593,196.71905373829009,57.46834534548263,-6.964749202990976
Uni-RT GINKAN,external_OOD,0411,Thermo Scientific Hypersil GOLD aQ,5,2011,45,45,5,5,40,40,frozen_backbone_fresh_head,2,best_model.pth,a97a4b51281dd815,1115016.0,3116.0,277.6690766950454,389.9179538481007,177.535601502612,82.44066353020393,-22.902816929616588
Uni-RT GINKAN,external_OOD,0411,Thermo Scientific Hypersil GOLD aQ,5,2012,45,45,5,5,40,40,frozen_backbone_fresh_head,2,best_model.pth,a97a4b51281dd815,1115017.0,3117.0,221.95971776085736,328.5061160159599,119.02616682345852,56.167705105096424,-15.61072252140072
Uni-RT GINKAN,external_OOD,0411,Thermo Scientific Hypersil GOLD aQ,5,2016,45,45,5,5,40,40,frozen_backbone_fresh_head,2,best_model.pth,a97a4b51281dd815,1115021.0,3121.0,831.4963268065437,1601.8243420021006,177.13940488962007,218.29449620507896,-411.07533105918986
Uni-RT GINKAN,external_OOD,0411,Thermo Scientific Hypersil GOLD aQ,5,2020,45,45,5,5,40,40,frozen_backbone_fresh_head,2,best_model.pth,a97a4b51281dd815,1115025.0,3125.0,208.29090220230083,294.69212574425785,126.24765124642256,56.689004788305056,-18.49579335813616
Uni-RT GINKAN,external_OOD,0411,Thermo Scientific Hypersil GOLD aQ,5,2022,45,45,5,5,40,40,frozen_backbone_fresh_head,2,best_model.pth,a97a4b51281dd815,1115027.0,3127.0,273.18537550969506,339.5052442799682,257.6142652985625,84.18473550349374,-17.075994178293623
Uni-RT GINKAN,external_OOD,0411,Thermo Scientific Hypersil GOLD aQ,5,2027,45,45,5,5,40,40,frozen_backbone_fresh_head,2,best_model.pth,a97a4b51281dd815,1115032.0,3132.0,245.55596014239396,305.47241071523086,212.06903608523837,77.71731429279713,-15.587498136039436
Uni-RT GINKAN,external_OOD,0411,Thermo Scientific Hypersil GOLD aQ,5,2032,45,45,5,5,40,40,frozen_backbone_fresh_head,2,best_model.pth,a97a4b51281dd815,1115037.0,3137.0,133.1480377509713,239.821586067224,66.9167847314593,35.67614416059301,-8.36891306635614
Uni-RT GINKAN,external_OOD,0411,Thermo Scientific Hypersil GOLD aQ,5,2034,45,45,5,5,40,40,frozen_backbone_fresh_head,2,best_model.pth,a97a4b51281dd815,1115039.0,3139.0,162.98752249729077,252.13966470734664,94.15820216740684,44.96627647154456,-9.078898950055862
Uni-RT GINKAN,external_OOD,0411,Thermo Scientific Hypersil GOLD aQ,20,2004,45,45,20,20,25,25,frozen_backbone_fresh_head,2,best_model.pth,a97a4b51281dd815,1115024.0,3124.0,76.31711307892127,104.8500658016851,50.15859259740728,20.318680680420233,-2.2147355181410333
Uni-RT GINKAN,external_OOD,0411,Thermo Scientific Hypersil GOLD aQ,20,2006,45,45,20,20,25,25,frozen_backbone_fresh_head,2,best_model.pth,a97a4b51281dd815,1115026.0,3126.0,163.87503189016857,286.90703285425633,93.3012813510565,45.945551854461876,-13.833983082551438
Uni-RT GINKAN,external_OOD,0411,Thermo Scientific Hypersil GOLD aQ,20,2011,45,45,20,20,25,25,frozen_backbone_fresh_head,2,best_model.pth,a97a4b51281dd815,1115031.0,3131.0,313.9231505095869,523.8127116721778,131.13601374466924,86.40181041095542,-38.555477236332486
Uni-RT GINKAN,external_OOD,0411,Thermo Scientific Hypersil GOLD aQ,20,2012,45,45,20,20,25,25,frozen_backbone_fresh_head,2,best_model.pth,a97a4b51281dd815,1115032.0,3132.0,66.93965374936431,87.74209909730855,43.90247402006443,18.03250150931012,-0.5961011026221386
Uni-RT GINKAN,external_OOD,0411,Thermo Scientific Hypersil GOLD aQ,20,2016,45,45,20,20,25,25,frozen_backbone_fresh_head,2,best_model.pth,a97a4b51281dd815,1115036.0,3136.0,107.75104092429112,153.12351075773717,91.94749141258932,29.43181386718599,-3.330534560368723
Uni-RT GINKAN,external_OOD,0411,Thermo Scientific Hypersil GOLD aQ,20,2020,45,45,20,20,25,25,frozen_backbone_fresh_head,2,best_model.pth,a97a4b51281dd815,1115040.0,3140.0,102.40069466292866,132.95326467572474,79.80406912225627,27.305409743286084,-2.4499944895468073
Uni-RT GINKAN,external_OOD,0411,Thermo Scientific Hypersil GOLD aQ,20,2022,45,45,20,20,25,25,frozen_backbone_fresh_head,2,best_model.pth,a97a4b51281dd815,1115042.0,3142.0,116.45061738373708,144.90828830426636,95.78683404828335,30.734643033842517,-2.7625119055536795
Uni-RT GINKAN,external_OOD,0411,Thermo Scientific Hypersil GOLD aQ,20,2027,45,45,20,20,25,25,frozen_backbone_fresh_head,2,best_model.pth,a97a4b51281dd815,1115047.0,3147.0,92.98577975525056,121.32501098981928,72.53817731125591,23.273620381693927,-4.046845353968779
Uni-RT GINKAN,external_OOD,0411,Thermo Scientific Hypersil GOLD aQ,20,2032,45,45,20,20,25,25,frozen_backbone_fresh_head,2,best_model.pth,a97a4b51281dd815,1115052.0,3152.0,95.55977135714512,120.3261311867116,73.84695851886926,26.54527492768245,-1.3518364232035438
Uni-RT GINKAN,external_OOD,0411,Thermo Scientific Hypersil GOLD aQ,20,2034,45,45,20,20,25,25,frozen_backbone_fresh_head,2,best_model.pth,a97a4b51281dd815,1115054.0,3154.0,115.52861507251797,149.10176535759197,94.77680348406716,30.742744905864615,-3.4474208901109167
Uni-RT GINKAN,external_OOD,0419,Waters SunFire C18,0,-1,154,154,0,0,154,154,zero_shot_source_task_ensemble,2,best_model.pth,d6cc9cb594eaf6b5,,,77.7805701852272,92.23177320128718,68.54218377208014,27.57468523667604,-0.0240236082845164
Uni-RT GINKAN,external_OOD,0419,Waters SunFire C18,5,2004,154,154,5,5,149,149,frozen_backbone_fresh_head,2,best_model.pth,d6cc9cb594eaf6b5,1115009.0,3109.0,263.1697972278885,515.6626338215893,137.0200595568961,74.23143085203927,-30.875000996481564
Uni-RT GINKAN,external_OOD,0419,Waters SunFire C18,5,2006,154,154,5,5,149,149,frozen_backbone_fresh_head,2,best_model.pth,d6cc9cb594eaf6b5,1115011.0,3111.0,338.3005286222096,654.7257331046003,173.42525101526144,279.0398487437052,-49.29540787759498
Uni-RT GINKAN,external_OOD,0419,Waters SunFire C18,5,2011,154,154,5,5,149,149,frozen_backbone_fresh_head,2,best_model.pth,d6cc9cb594eaf6b5,1115016.0,3116.0,230.0005742854353,420.363550854088,159.89311414318945,82.33232478986568,-19.87885040952633
Uni-RT GINKAN,external_OOD,0419,Waters SunFire C18,5,2012,154,154,5,5,149,149,frozen_backbone_fresh_head,2,best_model.pth,d6cc9cb594eaf6b5,1115017.0,3117.0,181.86509997197007,230.28168040667492,136.060988717366,85.4469896927144,-5.240280786640194
Uni-RT GINKAN,external_OOD,0419,Waters SunFire C18,5,2016,154,154,5,5,149,149,frozen_backbone_fresh_head,2,best_model.pth,d6cc9cb594eaf6b5,1115021.0,3121.0,186.44709174103335,235.1293629030116,159.0189020155218,60.962865090221875,-5.57333785563947
Uni-RT GINKAN,external_OOD,0419,Waters SunFire C18,5,2020,154,154,5,5,149,149,frozen_backbone_fresh_head,2,best_model.pth,d6cc9cb594eaf6b5,1115025.0,3125.0,242.4158290478868,343.6425698104932,191.83165246107643,68.30731861668973,-14.76802441389045
Uni-RT GINKAN,external_OOD,0419,Waters SunFire C18,5,2022,154,154,5,5,149,149,frozen_backbone_fresh_head,2,best_model.pth,d6cc9cb594eaf6b5,1115027.0,3127.0,244.82802627853695,334.94745693141476,196.42882236026472,156.0530558273074,-12.262592242287704
Uni-RT GINKAN,external_OOD,0419,Waters SunFire C18,5,2027,154,154,5,5,149,149,frozen_backbone_fresh_head,2,best_model.pth,d6cc9cb594eaf6b5,1115032.0,3132.0,165.54718231417678,201.57714992915325,149.98154832783734,68.39644261639928,-3.902861645448779
Uni-RT GINKAN,external_OOD,0419,Waters SunFire C18,5,2032,154,154,5,5,149,149,frozen_backbone_fresh_head,2,best_model.pth,d6cc9cb594eaf6b5,1115037.0,3137.0,152.51942641317055,191.1300458621184,125.66004514307394,70.7530284821335,-3.301479856581304
Uni-RT GINKAN,external_OOD,0419,Waters SunFire C18,5,2034,154,154,5,5,149,149,frozen_backbone_fresh_head,2,best_model.pth,d6cc9cb594eaf6b5,1115039.0,3139.0,298.51133688361244,490.8914180027806,144.7361802382373,95.41827454947578,-27.51865118951576
Uni-RT GINKAN,external_OOD,0419,Waters SunFire C18,20,2004,154,154,20,20,134,134,frozen_backbone_fresh_head,2,best_model.pth,d6cc9cb594eaf6b5,1115024.0,3124.0,105.90560143314164,129.45292686064144,93.19790140130226,42.47612970912515,-1.0841379555947095
Uni-RT GINKAN,external_OOD,0419,Waters SunFire C18,20,2006,154,154,20,20,134,134,frozen_backbone_fresh_head,2,best_model.pth,d6cc9cb594eaf6b5,1115026.0,3126.0,140.42082154453797,273.6531558236227,67.23349721349706,46.74557430390377,-8.322171872948577
Uni-RT GINKAN,external_OOD,0419,Waters SunFire C18,20,2011,154,154,20,20,134,134,frozen_backbone_fresh_head,2,best_model.pth,d6cc9cb594eaf6b5,1115031.0,3131.0,112.29594044876512,139.76951379086682,96.503590534424,34.21246404736086,-1.2240976832312502
Uni-RT GINKAN,external_OOD,0419,Waters SunFire C18,20,2012,154,154,20,20,134,134,frozen_backbone_fresh_head,2,best_model.pth,d6cc9cb594eaf6b5,1115032.0,3132.0,95.96619334317168,137.54752084623422,69.8818621689876,42.341301789618704,-1.4828062277712593
Uni-RT GINKAN,external_OOD,0419,Waters SunFire C18,20,2016,154,154,20,20,134,134,frozen_backbone_fresh_head,2,best_model.pth,d6cc9cb594eaf6b5,1115036.0,3136.0,159.5143538229497,214.41453386691327,123.28661094131414,71.9712083041403,-4.338989478449054
Uni-RT GINKAN,external_OOD,0419,Waters SunFire C18,20,2020,154,154,20,20,134,134,frozen_backbone_fresh_head,2,best_model.pth,d6cc9cb594eaf6b5,1115040.0,3140.0,113.75083117996309,151.77906575423788,84.07730383625886,31.959219540740293,-2.121897665805742
Uni-RT GINKAN,external_OOD,0419,Waters SunFire C18,20,2022,154,154,20,20,134,134,frozen_backbone_fresh_head,2,best_model.pth,d6cc9cb594eaf6b5,1115042.0,3142.0,148.89002874498746,276.61652216548185,82.11941530812076,105.16064280803572,-8.233122991768195
Uni-RT GINKAN,external_OOD,0419,Waters SunFire C18,20,2027,154,154,20,20,134,134,frozen_backbone_fresh_head,2,best_model.pth,d6cc9cb594eaf6b5,1115047.0,3147.0,67.2818623803605,89.34419246040571,48.43476018876336,19.15232281345994,-0.0143430471713299
Uni-RT GINKAN,external_OOD,0419,Waters SunFire C18,20,2032,154,154,20,20,134,134,frozen_backbone_fresh_head,2,best_model.pth,d6cc9cb594eaf6b5,1115052.0,3152.0,168.72555056700728,465.6559053303327,66.77844477491831,53.18167909041581,-25.17507828526085
Uni-RT GINKAN,external_OOD,0419,Waters SunFire C18,20,2034,154,154,20,20,134,134,frozen_backbone_fresh_head,2,best_model.pth,d6cc9cb594eaf6b5,1115054.0,3154.0,87.86417420401739,119.23726442165736,55.06347552025457,25.435873731628295,-0.7361103614453823
Uni-RT GINKAN,external_OOD,0419,Waters SunFire C18,100,2004,154,154,100,100,54,54,frozen_backbone_fresh_head,2,best_model.pth,d6cc9cb594eaf6b5,1115104.0,3204.0,57.93762483008735,89.34919206996875,43.28949318410466,23.668087690738545,0.0385788543283499
Uni-RT GINKAN,external_OOD,0419,Waters SunFire C18,100,2006,154,154,100,100,54,54,frozen_backbone_fresh_head,2,best_model.pth,d6cc9cb594eaf6b5,1115106.0,3206.0,60.028100606618864,85.6871989187498,43.1976672137628,18.130814706553235,-0.0933909197597808
Uni-RT GINKAN,external_OOD,0419,Waters SunFire C18,100,2011,154,154,100,100,54,54,frozen_backbone_fresh_head,2,best_model.pth,d6cc9cb594eaf6b5,1115111.0,3211.0,86.47289082032273,152.1071565089817,44.77461341793841,31.946102012594036,-1.031477250829573
Uni-RT GINKAN,external_OOD,0419,Waters SunFire C18,100,2012,154,154,100,100,54,54,frozen_backbone_fresh_head,2,best_model.pth,d6cc9cb594eaf6b5,1115112.0,3212.0,58.75604274926514,78.92710962098268,47.06196552603461,29.494987873393825,0.3393595444031528
Uni-RT GINKAN,external_OOD,0419,Waters SunFire C18,100,2016,154,154,100,100,54,54,frozen_backbone_fresh_head,2,best_model.pth,d6cc9cb594eaf6b5,1115116.0,3216.0,95.54096364627046,155.0481372725586,50.66273579655598,112.8250757177342,-0.8536139167555836
Uni-RT GINKAN,external_OOD,0419,Waters SunFire C18,100,2020,154,154,100,100,54,54,frozen_backbone_fresh_head,2,best_model.pth,d6cc9cb594eaf6b5,1115120.0,3220.0,47.67632664225341,57.514129009904366,43.47626350492999,12.959679301121248,0.2294395214892179
Uni-RT GINKAN,external_OOD,0419,Waters SunFire C18,100,2022,154,154,100,100,54,54,frozen_backbone_fresh_head,2,best_model.pth,d6cc9cb594eaf6b5,1115122.0,3222.0,55.33093971071997,70.81185280742068,41.59162046954086,18.325840503369935,0.351941350741894
Uni-RT GINKAN,external_OOD,0419,Waters SunFire C18,100,2027,154,154,100,100,54,54,frozen_backbone_fresh_head,2,best_model.pth,d6cc9cb594eaf6b5,1115127.0,3227.0,66.80874535150481,85.18453264281129,48.01360689409704,21.774899375799915,0.0991594493178884
Uni-RT GINKAN,external_OOD,0419,Waters SunFire C18,100,2032,154,154,100,100,54,54,frozen_backbone_fresh_head,2,best_model.pth,d6cc9cb594eaf6b5,1115132.0,3232.0,76.17920191240194,134.71924068550692,52.36295734142638,23.06978050336092,-1.2864970032195044
Uni-RT GINKAN,external_OOD,0419,Waters SunFire C18,100,2034,154,154,100,100,54,54,frozen_backbone_fresh_head,2,best_model.pth,d6cc9cb594eaf6b5,1115134.0,3234.0,50.51215225196871,64.78542296476009,39.12752933797202,28.49652574644025,0.5445124292627626
Uni-RT GINKAN,external_OOD,0420,Waters SunFire C18,0,-1,156,156,0,0,156,156,zero_shot_source_task_ensemble,2,best_model.pth,8ca024fa4aa85cee,,,614.2741550771417,653.4056589652752,571.61911944637,62.7729532663445,-6.067787601475257
Uni-RT GINKAN,external_OOD,0420,Waters SunFire C18,5,2004,156,156,5,5,151,151,frozen_backbone_fresh_head,2,best_model.pth,8ca024fa4aa85cee,1115009.0,3109.0,739.9453400319506,1532.5829719614078,355.7846697086544,75.02738622100729,-39.8814965495546
Uni-RT GINKAN,external_OOD,0420,Waters SunFire C18,5,2006,156,156,5,5,151,151,frozen_backbone_fresh_head,2,best_model.pth,8ca024fa4aa85cee,1115011.0,3111.0,594.8712752743841,922.0391334356624,407.58874903077503,62.26254060329316,-12.672379335824258
Uni-RT GINKAN,external_OOD,0420,Waters SunFire C18,5,2011,156,156,5,5,151,151,frozen_backbone_fresh_head,2,best_model.pth,8ca024fa4aa85cee,1115016.0,3116.0,767.6964899855873,1450.2521767047783,395.22362225848383,77.46593552801441,-33.51843555471624
Uni-RT GINKAN,external_OOD,0420,Waters SunFire C18,5,2012,156,156,5,5,151,151,frozen_backbone_fresh_head,2,best_model.pth,8ca024fa4aa85cee,1115017.0,3117.0,432.1495492119599,568.9833915287142,359.51760307870927,43.22783081294777,-4.217130179125757
Uni-RT GINKAN,external_OOD,0420,Waters SunFire C18,5,2016,156,156,5,5,151,151,frozen_backbone_fresh_head,2,best_model.pth,8ca024fa4aa85cee,1115021.0,3121.0,1979.999351467985,3919.123886602664,744.8508911948711,216.367770961118,-247.2632403763344
Uni-RT GINKAN,external_OOD,0420,Waters SunFire C18,5,2020,156,156,5,5,151,151,frozen_backbone_fresh_head,2,best_model.pth,8ca024fa4aa85cee,1115025.0,3125.0,1342.1534558979497,3073.5598178227297,427.35729349410934,136.25692611509336,-179.6897601599734
Uni-RT GINKAN,external_OOD,0420,Waters SunFire C18,5,2022,156,156,5,5,151,151,frozen_backbone_fresh_head,2,best_model.pth,8ca024fa4aa85cee,1115027.0,3127.0,528.8171453675791,755.7864261346298,407.37008551074337,57.87820601634851,-8.31527853878947
Uni-RT GINKAN,external_OOD,0420,Waters SunFire C18,5,2027,156,156,5,5,151,151,frozen_backbone_fresh_head,2,best_model.pth,8ca024fa4aa85cee,1115032.0,3132.0,894.1853879672542,1251.557325632763,641.0417675843471,95.69615703848028,-26.325356919244243
Uni-RT GINKAN,external_OOD,0420,Waters SunFire C18,5,2032,156,156,5,5,151,151,frozen_backbone_fresh_head,2,best_model.pth,8ca024fa4aa85cee,1115037.0,3137.0,424.0442531977586,638.6690421008979,244.23298281658663,41.3672725152246,-5.573045263625775
Uni-RT GINKAN,external_OOD,0420,Waters SunFire C18,5,2034,156,156,5,5,151,151,frozen_backbone_fresh_head,2,best_model.pth,8ca024fa4aa85cee,1115039.0,3139.0,360.32325660484327,481.5351305433199,267.02120151227405,37.94300452920712,-2.853909523207855
Uni-RT GINKAN,external_OOD,0420,Waters SunFire C18,20,2004,156,156,20,20,136,136,frozen_backbone_fresh_head,2,best_model.pth,8ca024fa4aa85cee,1115024.0,3124.0,406.82474746593215,577.8124550312788,274.10652366083247,41.01668391384257,-4.161702038861337
Uni-RT GINKAN,external_OOD,0420,Waters SunFire C18,20,2006,156,156,20,20,136,136,frozen_backbone_fresh_head,2,best_model.pth,8ca024fa4aa85cee,1115026.0,3126.0,246.50022504347925,354.85635050806525,177.80668356399838,24.751406661061644,-1.184397467185771
Uni-RT GINKAN,external_OOD,0420,Waters SunFire C18,20,2011,156,156,20,20,136,136,frozen_backbone_fresh_head,2,best_model.pth,8ca024fa4aa85cee,1115031.0,3131.0,478.3482283169396,742.7207265709433,329.18846493806154,47.71102063732109,-7.805578652885819
Uni-RT GINKAN,external_OOD,0420,Waters SunFire C18,20,2012,156,156,20,20,136,136,frozen_backbone_fresh_head,2,best_model.pth,8ca024fa4aa85cee,1115032.0,3132.0,373.9832327890419,562.3210616245268,242.61730534180697,37.805767682421234,-4.619077601138659
Uni-RT GINKAN,external_OOD,0420,Waters SunFire C18,20,2016,156,156,20,20,136,136,frozen_backbone_fresh_head,2,best_model.pth,8ca024fa4aa85cee,1115036.0,3136.0,371.7802699116387,517.8685742190042,303.27603175438594,38.17369079676136,-3.426203533748488
Uni-RT GINKAN,external_OOD,0420,Waters SunFire C18,20,2020,156,156,20,20,136,136,frozen_backbone_fresh_head,2,best_model.pth,8ca024fa4aa85cee,1115040.0,3140.0,366.0246768332025,515.68813345831,238.83151131067095,38.51246621404968,-3.632542946713671
Uni-RT GINKAN,external_OOD,0420,Waters SunFire C18,20,2022,156,156,20,20,136,136,frozen_backbone_fresh_head,2,best_model.pth,8ca024fa4aa85cee,1115042.0,3142.0,340.40973455929924,467.5202500322742,267.40608692611335,35.51146906906384,-2.596342337420102
Uni-RT GINKAN,external_OOD,0420,Waters SunFire C18,20,2027,156,156,20,20,136,136,frozen_backbone_fresh_head,2,best_model.pth,8ca024fa4aa85cee,1115047.0,3147.0,316.81728001368464,440.96174396616783,232.65328622480473,32.302905904990595,-2.2995817910476166
Uni-RT GINKAN,external_OOD,0420,Waters SunFire C18,20,2032,156,156,20,20,136,136,frozen_backbone_fresh_head,2,best_model.pth,8ca024fa4aa85cee,1115052.0,3152.0,329.55712413214496,472.9269775519148,220.3382776100075,31.7045739942853,-2.37907430942084
Uni-RT GINKAN,external_OOD,0420,Waters SunFire C18,20,2034,156,156,20,20,136,136,frozen_backbone_fresh_head,2,best_model.pth,8ca024fa4aa85cee,1115054.0,3154.0,433.3885392283739,670.4475636883402,252.6178745315571,46.64792957581652,-5.971974079518932
Uni-RT GINKAN,external_OOD,0420,Waters SunFire C18,100,2004,156,156,100,100,56,56,frozen_backbone_fresh_head,2,best_model.pth,8ca024fa4aa85cee,1115104.0,3204.0,228.11107660072247,305.2955962436054,172.63403808554506,23.332992579559033,-0.915729409838991
Uni-RT GINKAN,external_OOD,0420,Waters SunFire C18,100,2006,156,156,100,100,56,56,frozen_backbone_fresh_head,2,best_model.pth,8ca024fa4aa85cee,1115106.0,3206.0,214.39107271183337,286.51065694143756,157.05978446054212,21.58501063765205,-0.4677387044357115
Uni-RT GINKAN,external_OOD,0420,Waters SunFire C18,100,2011,156,156,100,100,56,56,frozen_backbone_fresh_head,2,best_model.pth,8ca024fa4aa85cee,1115111.0,3211.0,231.07127845421027,276.3764287443655,208.29097057864223,27.7179711939578,-0.9188527051514352
Uni-RT GINKAN,external_OOD,0420,Waters SunFire C18,100,2012,156,156,100,100,56,56,frozen_backbone_fresh_head,2,best_model.pth,8ca024fa4aa85cee,1115112.0,3212.0,303.4732611778239,412.2546059949693,195.6325696495964,30.2081076063124,-1.1518273764452425
Uni-RT GINKAN,external_OOD,0420,Waters SunFire C18,100,2016,156,156,100,100,56,56,frozen_backbone_fresh_head,2,best_model.pth,8ca024fa4aa85cee,1115116.0,3216.0,261.06130834234534,348.1211678163825,204.3090339946259,27.858655776009027,-1.3963144169582264
Uni-RT GINKAN,external_OOD,0420,Waters SunFire C18,100,2020,156,156,100,100,56,56,frozen_backbone_fresh_head,2,best_model.pth,8ca024fa4aa85cee,1115120.0,3220.0,356.3661411676207,468.2375761292707,262.41238564063144,33.41073416079087,-1.5716863145018216
Uni-RT GINKAN,external_OOD,0420,Waters SunFire C18,100,2022,156,156,100,100,56,56,frozen_backbone_fresh_head,2,best_model.pth,8ca024fa4aa85cee,1115122.0,3222.0,228.26597470621903,318.7266311619977,166.69725559782802,24.13658009868801,-0.8859515050969233
Uni-RT GINKAN,external_OOD,0420,Waters SunFire C18,100,2027,156,156,100,100,56,56,frozen_backbone_fresh_head,2,best_model.pth,8ca024fa4aa85cee,1115127.0,3227.0,317.41100296106185,425.4855865710567,229.39806820386357,32.28785365025012,-1.790765919014894
Uni-RT GINKAN,external_OOD,0420,Waters SunFire C18,100,2032,156,156,100,100,56,56,frozen_backbone_fresh_head,2,best_model.pth,8ca024fa4aa85cee,1115132.0,3232.0,199.3484592142877,294.02054330906816,128.8121958325653,19.542833727854525,-0.4312677867154104
Uni-RT GINKAN,external_OOD,0420,Waters SunFire C18,100,2034,156,156,100,100,56,56,frozen_backbone_fresh_head,2,best_model.pth,8ca024fa4aa85cee,1115134.0,3234.0,340.0688204471257,432.1557420433816,285.2225714897592,33.877665411374814,-1.7969077074392978
Uni-RT GINKAN,external_OOD,0437,Agilent ZORBAX 300 SB-C18,0,-1,1896,1896,0,0,1896,1896,zero_shot_source_task_ensemble,2,best_model.pth,151141d441bf4e76,,,314.6943131665645,333.07961322221655,305.2968619109774,54.3698183502788,-1.3132164109457531
Uni-RT GINKAN,external_OOD,0437,Agilent ZORBAX 300 SB-C18,5,2004,1896,1896,5,5,1891,1891,frozen_backbone_fresh_head,2,best_model.pth,151141d441bf4e76,1115009.0,3109.0,581.1735059850685,1199.450025283265,261.8797590211657,82.94246022197001,-29.009608613578365
Uni-RT GINKAN,external_OOD,0437,Agilent ZORBAX 300 SB-C18,5,2006,1896,1896,5,5,1891,1891,frozen_backbone_fresh_head,2,best_model.pth,151141d441bf4e76,1115011.0,3111.0,250.56136015526752,341.24154654510477,188.34365133429267,42.60465676179926,-1.4256582813562524
Uni-RT GINKAN,external_OOD,0437,Agilent ZORBAX 300 SB-C18,5,2011,1896,1896,5,5,1891,1891,frozen_backbone_fresh_head,2,best_model.pth,151141d441bf4e76,1115016.0,3116.0,363.6191290809592,553.9122438063882,236.33083222522637,72.8116664373588,-5.387735658843987
Uni-RT GINKAN,external_OOD,0437,Agilent ZORBAX 300 SB-C18,5,2012,1896,1896,5,5,1891,1891,frozen_backbone_fresh_head,2,best_model.pth,151141d441bf4e76,1115017.0,3117.0,276.93759094744695,458.0683659286217,182.90045032348743,46.42274622409688,-3.366808315980524
Uni-RT GINKAN,external_OOD,0437,Agilent ZORBAX 300 SB-C18,5,2016,1896,1896,5,5,1891,1891,frozen_backbone_fresh_head,2,best_model.pth,151141d441bf4e76,1115021.0,3121.0,228.9402820976181,308.1016847164682,172.8826758097897,38.36743698604736,-0.9756727288242272
Uni-RT GINKAN,external_OOD,0437,Agilent ZORBAX 300 SB-C18,5,2020,1896,1896,5,5,1891,1891,frozen_backbone_fresh_head,2,best_model.pth,151141d441bf4e76,1115025.0,3125.0,259.93459408626876,339.90618956482655,236.1011685782076,48.60676404675036,-1.418664471293832
Uni-RT GINKAN,external_OOD,0437,Agilent ZORBAX 300 SB-C18,5,2022,1896,1896,5,5,1891,1891,frozen_backbone_fresh_head,2,best_model.pth,151141d441bf4e76,1115027.0,3127.0,294.8817014627659,393.6581261724239,236.53070707086133,49.994393780503984,-2.227152416931186
Uni-RT GINKAN,external_OOD,0437,Agilent ZORBAX 300 SB-C18,5,2027,1896,1896,5,5,1891,1891,frozen_backbone_fresh_head,2,best_model.pth,151141d441bf4e76,1115032.0,3132.0,319.83286142978784,382.4939149411625,295.0603600759627,54.58203869670939,-2.0575141117158786
Uni-RT GINKAN,external_OOD,0437,Agilent ZORBAX 300 SB-C18,5,2032,1896,1896,5,5,1891,1891,frozen_backbone_fresh_head,2,best_model.pth,151141d441bf4e76,1115037.0,3137.0,458.3044661514868,767.4530935483144,242.59631318650293,81.44298838920936,-11.263609185071106
Uni-RT GINKAN,external_OOD,0437,Agilent ZORBAX 300 SB-C18,5,2034,1896,1896,5,5,1891,1891,frozen_backbone_fresh_head,2,best_model.pth,151141d441bf4e76,1115039.0,3139.0,401.18564346832534,776.8666540197142,224.02640507222793,70.67334836725217,-11.567357852594718
Uni-RT GINKAN,external_OOD,0437,Agilent ZORBAX 300 SB-C18,20,2004,1896,1896,20,20,1876,1876,frozen_backbone_fresh_head,2,best_model.pth,151141d441bf4e76,1115024.0,3124.0,222.34730947244455,316.0347666461868,155.947273618263,39.539100858047384,-1.0798528323092476
Uni-RT GINKAN,external_OOD,0437,Agilent ZORBAX 300 SB-C18,20,2006,1896,1896,20,20,1876,1876,frozen_backbone_fresh_head,2,best_model.pth,151141d441bf4e76,1115026.0,3126.0,223.41408753187503,359.7627658621678,162.4528697263627,40.85378479028319,-1.697142849444567
Uni-RT GINKAN,external_OOD,0437,Agilent ZORBAX 300 SB-C18,20,2011,1896,1896,20,20,1876,1876,frozen_backbone_fresh_head,2,best_model.pth,151141d441bf4e76,1115031.0,3131.0,242.9875791705379,333.40429649962306,191.40879680472077,42.68520766605288,-1.311299283557997
Uni-RT GINKAN,external_OOD,0437,Agilent ZORBAX 300 SB-C18,20,2012,1896,1896,20,20,1876,1876,frozen_backbone_fresh_head,2,best_model.pth,151141d441bf4e76,1115032.0,3132.0,242.15491825707235,320.0817240237284,187.22015311814445,41.80561082052504,-1.1277091464689557
Uni-RT GINKAN,external_OOD,0437,Agilent ZORBAX 300 SB-C18,20,2016,1896,1896,20,20,1876,1876,frozen_backbone_fresh_head,2,best_model.pth,151141d441bf4e76,1115036.0,3136.0,221.87190527506428,345.4660315363268,143.36157856115415,40.90222308465206,-1.501380355122354
Uni-RT GINKAN,external_OOD,0437,Agilent ZORBAX 300 SB-C18,20,2020,1896,1896,20,20,1876,1876,frozen_backbone_fresh_head,2,best_model.pth,151141d441bf4e76,1115040.0,3140.0,217.04700352298505,313.1925887984477,147.8248196815581,36.74145862631489,-1.055369780882936
Uni-RT GINKAN,external_OOD,0437,Agilent ZORBAX 300 SB-C18,20,2022,1896,1896,20,20,1876,1876,frozen_backbone_fresh_head,2,best_model.pth,151141d441bf4e76,1115042.0,3142.0,233.8170574374226,363.5100461044756,157.43003420998767,42.377545868634186,-1.7549453835706157
Uni-RT GINKAN,external_OOD,0437,Agilent ZORBAX 300 SB-C18,20,2027,1896,1896,20,20,1876,1876,frozen_backbone_fresh_head,2,best_model.pth,151141d441bf4e76,1115047.0,3147.0,298.1534323699488,518.4857679225424,174.88658858400726,48.87668176281132,-4.632882553161835
Uni-RT GINKAN,external_OOD,0437,Agilent ZORBAX 300 SB-C18,20,2032,1896,1896,20,20,1876,1876,frozen_backbone_fresh_head,2,best_model.pth,151141d441bf4e76,1115052.0,3152.0,226.1297154364606,303.58759954408765,183.98286022122608,39.16560631684122,-0.9231875363006214
Uni-RT GINKAN,external_OOD,0437,Agilent ZORBAX 300 SB-C18,20,2034,1896,1896,20,20,1876,1876,frozen_backbone_fresh_head,2,best_model.pth,151141d441bf4e76,1115054.0,3154.0,272.0558886523554,418.807485465506,179.3598994039997,48.908392167864235,-2.6793472437712587
Uni-RT GINKAN,external_OOD,0437,Agilent ZORBAX 300 SB-C18,100,2004,1896,1896,100,100,1796,1796,frozen_backbone_fresh_head,2,best_model.pth,151141d441bf4e76,1115104.0,3204.0,138.45493540555796,193.56922731422463,99.61203570378724,28.708697884732587,0.2209498140073778
Uni-RT GINKAN,external_OOD,0437,Agilent ZORBAX 300 SB-C18,100,2006,1896,1896,100,100,1796,1796,frozen_backbone_fresh_head,2,best_model.pth,151141d441bf4e76,1115106.0,3206.0,138.9910570201676,199.05341377503615,97.38842549937904,24.887641459629354,0.1785123564012977
Uni-RT GINKAN,external_OOD,0437,Agilent ZORBAX 300 SB-C18,100,2011,1896,1896,100,100,1796,1796,frozen_backbone_fresh_head,2,best_model.pth,151141d441bf4e76,1115111.0,3211.0,140.66150122838167,191.36829334392377,103.67737914757228,29.119664707406866,0.2455143496384256
Uni-RT GINKAN,external_OOD,0437,Agilent ZORBAX 300 SB-C18,100,2012,1896,1896,100,100,1796,1796,frozen_backbone_fresh_head,2,best_model.pth,151141d441bf4e76,1115112.0,3212.0,162.57564612871118,241.10303710610847,117.8655121802127,30.440205005974853,-0.2028420212702699
Uni-RT GINKAN,external_OOD,0437,Agilent ZORBAX 300 SB-C18,100,2016,1896,1896,100,100,1796,1796,frozen_backbone_fresh_head,2,best_model.pth,151141d441bf4e76,1115116.0,3216.0,150.38833296016966,209.02633068182652,112.34592645312426,30.987139506326574,0.0935461897826319
Uni-RT GINKAN,external_OOD,0437,Agilent ZORBAX 300 SB-C18,100,2020,1896,1896,100,100,1796,1796,frozen_backbone_fresh_head,2,best_model.pth,151141d441bf4e76,1115120.0,3220.0,151.51890381245008,214.60094513813468,113.19155277288765,28.520804135133048,0.0466704427374102
Uni-RT GINKAN,external_OOD,0437,Agilent ZORBAX 300 SB-C18,100,2022,1896,1896,100,100,1796,1796,frozen_backbone_fresh_head,2,best_model.pth,151141d441bf4e76,1115122.0,3222.0,149.51284317163945,216.10142850247504,113.2910914502545,26.747176974195753,0.0262013525265363
Uni-RT GINKAN,external_OOD,0437,Agilent ZORBAX 300 SB-C18,100,2027,1896,1896,100,100,1796,1796,frozen_backbone_fresh_head,2,best_model.pth,151141d441bf4e76,1115127.0,3227.0,143.25708919661872,194.86828707980345,105.2861110559716,27.143868177531832,0.2078836481843478
Uni-RT GINKAN,external_OOD,0437,Agilent ZORBAX 300 SB-C18,100,2032,1896,1896,100,100,1796,1796,frozen_backbone_fresh_head,2,best_model.pth,151141d441bf4e76,1115132.0,3232.0,167.2637237055441,233.07536740182584,126.03379420808317,29.294657796094853,-0.1434337410036197
Uni-RT GINKAN,external_OOD,0437,Agilent ZORBAX 300 SB-C18,100,2034,1896,1896,100,100,1796,1796,frozen_backbone_fresh_head,2,best_model.pth,151141d441bf4e76,1115134.0,3234.0,161.32813956179635,230.92022671896655,115.41366865854457,31.446504309764823,-0.0981067766182424
Uni-RT GINKAN,external_OOD,0437,Agilent ZORBAX 300 SB-C18,1000,2004,1896,1896,1000,1000,896,896,frozen_backbone_fresh_head,2,best_model.pth,151141d441bf4e76,1116004.0,4104.0,99.52968721969653,136.20910222559525,73.02468080174944,19.30094991862537,0.6504529433898063
Uni-RT GINKAN,external_OOD,0437,Agilent ZORBAX 300 SB-C18,1000,2006,1896,1896,1000,1000,896,896,frozen_backbone_fresh_head,2,best_model.pth,151141d441bf4e76,1116006.0,4106.0,95.17842045937486,132.04563309658295,68.05683029018715,18.756720515474672,0.6321074491786951
Uni-RT GINKAN,external_OOD,0437,Agilent ZORBAX 300 SB-C18,1000,2011,1896,1896,1000,1000,896,896,frozen_backbone_fresh_head,2,best_model.pth,151141d441bf4e76,1116011.0,4111.0,100.0601952696579,138.75324209503302,76.28182819777226,19.503147377907705,0.6070956628463628
Uni-RT GINKAN,external_OOD,0437,Agilent ZORBAX 300 SB-C18,1000,2012,1896,1896,1000,1000,896,896,frozen_backbone_fresh_head,2,best_model.pth,151141d441bf4e76,1116012.0,4112.0,105.64728759419415,142.99626742483275,81.74769749691117,22.187355774256893,0.5799610569960297
Uni-RT GINKAN,external_OOD,0437,Agilent ZORBAX 300 SB-C18,1000,2016,1896,1896,1000,1000,896,896,frozen_backbone_fresh_head,2,best_model.pth,151141d441bf4e76,1116016.0,4116.0,102.16921137058678,139.9799079989114,74.32029623519159,19.373216337001743,0.5909889284387839
Uni-RT GINKAN,external_OOD,0437,Agilent ZORBAX 300 SB-C18,1000,2020,1896,1896,1000,1000,896,896,frozen_backbone_fresh_head,2,best_model.pth,151141d441bf4e76,1116020.0,4120.0,105.84678054756218,141.01261518383424,79.11483458521775,20.785763846116534,0.5906689691962963
Uni-RT GINKAN,external_OOD,0437,Agilent ZORBAX 300 SB-C18,1000,2022,1896,1896,1000,1000,896,896,frozen_backbone_fresh_head,2,best_model.pth,151141d441bf4e76,1116022.0,4122.0,91.99792445795168,124.95097044810002,67.87781676904325,18.220315386899017,0.6873712778648943
Uni-RT GINKAN,external_OOD,0437,Agilent ZORBAX 300 SB-C18,1000,2027,1896,1896,1000,1000,896,896,frozen_backbone_fresh_head,2,best_model.pth,151141d441bf4e76,1116027.0,4127.0,92.76086111137806,122.76460881608014,74.08420632126723,17.47860703163024,0.6854678305629089
Uni-RT GINKAN,external_OOD,0437,Agilent ZORBAX 300 SB-C18,1000,2032,1896,1896,1000,1000,896,896,frozen_backbone_fresh_head,2,best_model.pth,151141d441bf4e76,1116032.0,4132.0,95.84798006898414,131.05324040676535,73.00956061939226,17.865604123804953,0.6387669071881665
Uni-RT GINKAN,external_OOD,0437,Agilent ZORBAX 300 SB-C18,1000,2034,1896,1896,1000,1000,896,896,frozen_backbone_fresh_head,2,best_model.pth,151141d441bf4e76,1116034.0,4134.0,89.59088381475503,124.6231851308194,61.83608699159231,16.95381591828024,0.6796339173336738
Uni-RT GINKAN,internal_OOD,0097,(S)-NICOTINE,0,-1,96,96,0,0,96,96,zero_shot_source_task_ensemble,2,best_model.pth,a8358407f2153cc3,,,262.03658287765154,390.1679362598797,61.673337695216055,39.753255288223976,0.2011330313397556
Uni-RT GINKAN,internal_OOD,0097,(S)-NICOTINE,5,2004,96,96,5,5,91,91,frozen_backbone_fresh_head,2,best_model.pth,a8358407f2153cc3,1115009.0,3109.0,369.1843549551423,1205.578952939749,75.79859808569557,74.94075976186019,-6.4329253712274195
Uni-RT GINKAN,internal_OOD,0097,(S)-NICOTINE,5,2006,96,96,5,5,91,91,frozen_backbone_fresh_head,2,best_model.pth,a8358407f2153cc3,1115011.0,3111.0,331.1293476643929,460.9223580477758,199.85587400951397,198.939126965606,-0.0882950931963435
Uni-RT GINKAN,internal_OOD,0097,(S)-NICOTINE,5,2011,96,96,5,5,91,91,frozen_backbone_fresh_head,2,best_model.pth,a8358407f2153cc3,1115016.0,3116.0,390.1102774187213,1053.1237020571327,98.3088019091401,66.01631986190961,-4.852131013535947
Uni-RT GINKAN,internal_OOD,0097,(S)-NICOTINE,5,2012,96,96,5,5,91,91,frozen_backbone_fresh_head,2,best_model.pth,a8358407f2153cc3,1115017.0,3117.0,663.5102065521639,2102.284812974376,158.9399450325161,146.71376055262874,-21.61539147936912
Uni-RT GINKAN,internal_OOD,0097,(S)-NICOTINE,5,2016,96,96,5,5,91,91,frozen_backbone_fresh_head,2,best_model.pth,a8358407f2153cc3,1115021.0,3121.0,301.6496957810512,444.18439222068207,192.7955718782952,97.17586380750885,-0.007792830719264
Uni-RT GINKAN,internal_OOD,0097,(S)-NICOTINE,5,2020,96,96,5,5,91,91,frozen_backbone_fresh_head,2,best_model.pth,a8358407f2153cc3,1115025.0,3125.0,2473.876592429005,10347.73264124236,117.19031009259218,237.46207504442788,-552.6707652569152
Uni-RT GINKAN,internal_OOD,0097,(S)-NICOTINE,5,2022,96,96,5,5,91,91,frozen_backbone_fresh_head,2,best_model.pth,a8358407f2153cc3,1115027.0,3127.0,322.5704519305552,644.3314361732228,180.4191446821115,200.78370857570636,-1.163367131772254
Uni-RT GINKAN,internal_OOD,0097,(S)-NICOTINE,5,2027,96,96,5,5,91,91,frozen_backbone_fresh_head,2,best_model.pth,a8358407f2153cc3,1115032.0,3132.0,322.60211594028584,586.1852974715005,195.3196528134071,196.7414161672962,-0.7642555771556037
Uni-RT GINKAN,internal_OOD,0097,(S)-NICOTINE,5,2032,96,96,5,5,91,91,frozen_backbone_fresh_head,2,best_model.pth,a8358407f2153cc3,1115037.0,3137.0,323.0029174660088,907.835784343656,75.02152147772965,60.67567271588923,-3.3675649368440173
Uni-RT GINKAN,internal_OOD,0097,(S)-NICOTINE,5,2034,96,96,5,5,91,91,frozen_backbone_fresh_head,2,best_model.pth,a8358407f2153cc3,1115039.0,3139.0,538.9936738350425,1983.3557987420145,79.62578824093248,96.26674647295162,-20.86093230902544
Uni-RT GINKAN,internal_OOD,0097,(S)-NICOTINE,20,2004,96,96,20,20,76,76,frozen_backbone_fresh_head,2,best_model.pth,a8358407f2153cc3,1115024.0,3124.0,613.4488254690827,2015.4959512117543,69.93312783328054,85.37487875647628,-18.85764457510585
Uni-RT GINKAN,internal_OOD,0097,(S)-NICOTINE,20,2006,96,96,20,20,76,76,frozen_backbone_fresh_head,2,best_model.pth,a8358407f2153cc3,1115026.0,3126.0,377.97174420167465,1424.192535219026,90.4292155711768,61.09582013050317,-9.504163012181651
Uni-RT GINKAN,internal_OOD,0097,(S)-NICOTINE,20,2011,96,96,20,20,76,76,frozen_backbone_fresh_head,2,best_model.pth,a8358407f2153cc3,1115031.0,3131.0,296.73113453064906,788.22132682017,68.43192583918304,81.56162404030847,-2.0984427046567307
Uni-RT GINKAN,internal_OOD,0097,(S)-NICOTINE,20,2012,96,96,20,20,76,76,frozen_backbone_fresh_head,2,best_model.pth,a8358407f2153cc3,1115032.0,3132.0,176.69559904226057,300.5198459383598,73.48925188938892,68.33660418981856,0.5045741363756522
Uni-RT GINKAN,internal_OOD,0097,(S)-NICOTINE,20,2016,96,96,20,20,76,76,frozen_backbone_fresh_head,2,best_model.pth,a8358407f2153cc3,1115036.0,3136.0,450.75489005283873,1698.6807307926028,71.65891155274721,68.21322452036699,-13.847541680490624
Uni-RT GINKAN,internal_OOD,0097,(S)-NICOTINE,20,2020,96,96,20,20,76,76,frozen_backbone_fresh_head,2,best_model.pth,a8358407f2153cc3,1115040.0,3140.0,299.1733289301968,992.8104462419,106.17773130872143,93.1109355969118,-4.177527948080327
Uni-RT GINKAN,internal_OOD,0097,(S)-NICOTINE,20,2022,96,96,20,20,76,76,frozen_backbone_fresh_head,2,best_model.pth,a8358407f2153cc3,1115042.0,3142.0,683.1295899367108,2952.4483878637557,50.019009961397956,81.36515068846806,-42.4919349210196
Uni-RT GINKAN,internal_OOD,0097,(S)-NICOTINE,20,2027,96,96,20,20,76,76,frozen_backbone_fresh_head,2,best_model.pth,a8358407f2153cc3,1115047.0,3147.0,220.98927858753905,585.3303388720391,63.18038410500888,61.6016648605735,-0.7552071975772376
Uni-RT GINKAN,internal_OOD,0097,(S)-NICOTINE,20,2032,96,96,20,20,76,76,frozen_backbone_fresh_head,2,best_model.pth,a8358407f2153cc3,1115052.0,3152.0,392.1969099551672,1021.4917097758284,96.0367955343521,68.8781259271717,-4.28824441685542
Uni-RT GINKAN,internal_OOD,0097,(S)-NICOTINE,20,2034,96,96,20,20,76,76,frozen_backbone_fresh_head,2,best_model.pth,a8358407f2153cc3,1115054.0,3154.0,219.17071555187675,757.9001819940347,54.46053060258191,60.97056161011815,-2.049151996404495
Uni-RT GINKAN,internal_OOD,0238,Deoxycholic acid,0,-1,580,580,0,0,580,580,zero_shot_source_task_ensemble,2,best_model.pth,8bce47c00caf9924,,,84.85879535045682,111.4292247192478,74.74070579140648,37.701588775855384,0.2195388980149889
Uni-RT GINKAN,internal_OOD,0238,Deoxycholic acid,5,2004,580,580,5,5,575,575,frozen_backbone_fresh_head,2,best_model.pth,8bce47c00caf9924,1115009.0,3109.0,217.69678935195063,347.01616960295434,142.6777803302515,126.40520263129956,-6.56172754213398
Uni-RT GINKAN,internal_OOD,0238,Deoxycholic acid,5,2006,580,580,5,5,575,575,frozen_backbone_fresh_head,2,best_model.pth,8bce47c00caf9924,1115011.0,3111.0,144.10979664401466,207.77356559999015,98.58622853366025,80.2590555676054,-1.7178664310615277
Uni-RT GINKAN,internal_OOD,0238,Deoxycholic acid,5,2011,580,580,5,5,575,575,frozen_backbone_fresh_head,2,best_model.pth,8bce47c00caf9924,1115016.0,3116.0,203.32196769638105,389.045597472593,121.33018298415853,101.74102032002214,-8.522592408722844
Uni-RT GINKAN,internal_OOD,0238,Deoxycholic acid,5,2012,580,580,5,5,575,575,frozen_backbone_fresh_head,2,best_model.pth,8bce47c00caf9924,1115017.0,3117.0,168.8911463188021,294.88333188541094,131.44289894448022,150.4835558905359,-4.433759631884618
Uni-RT GINKAN,internal_OOD,0238,Deoxycholic acid,5,2016,580,580,5,5,575,575,frozen_backbone_fresh_head,2,best_model.pth,8bce47c00caf9924,1115021.0,3121.0,137.9608853383403,180.5878617151748,112.81608391935984,66.59280702636745,-1.055231239911115
Uni-RT GINKAN,internal_OOD,0238,Deoxycholic acid,5,2020,580,580,5,5,575,575,frozen_backbone_fresh_head,2,best_model.pth,8bce47c00caf9924,1115025.0,3125.0,285.23137746061127,723.6850013366817,92.70345335996076,103.8540925227179,-31.98110370881924
Uni-RT GINKAN,internal_OOD,0238,Deoxycholic acid,5,2022,580,580,5,5,575,575,frozen_backbone_fresh_head,2,best_model.pth,8bce47c00caf9924,1115027.0,3127.0,213.73930281347936,491.80820148023946,95.26995220066854,97.31909213100796,-14.208900158695933
Uni-RT GINKAN,internal_OOD,0238,Deoxycholic acid,5,2027,580,580,5,5,575,575,frozen_backbone_fresh_head,2,best_model.pth,8bce47c00caf9924,1115032.0,3132.0,159.7878083524553,207.6985306881947,126.43580446159169,79.28966269658896,-1.713069335676532
Uni-RT GINKAN,internal_OOD,0238,Deoxycholic acid,5,2032,580,580,5,5,575,575,frozen_backbone_fresh_head,2,best_model.pth,8bce47c00caf9924,1115037.0,3137.0,145.84042853033367,247.4771436738247,77.20201677898967,63.00326830339533,-2.852566070061771
Uni-RT GINKAN,internal_OOD,0238,Deoxycholic acid,5,2034,580,580,5,5,575,575,frozen_backbone_fresh_head,2,best_model.pth,8bce47c00caf9924,1115039.0,3139.0,220.6757788486582,444.5809096106837,126.28585059894311,135.1001601393773,-11.38789344437184
Uni-RT GINKAN,internal_OOD,0238,Deoxycholic acid,20,2004,580,580,20,20,560,560,frozen_backbone_fresh_head,2,best_model.pth,8bce47c00caf9924,1115024.0,3124.0,119.81977038470234,193.7015941913478,71.88178510626369,78.08312923331026,-1.334264877654359
Uni-RT GINKAN,internal_OOD,0238,Deoxycholic acid,20,2006,580,580,20,20,560,560,frozen_backbone_fresh_head,2,best_model.pth,8bce47c00caf9924,1115026.0,3126.0,96.3578996925578,137.2773388585688,68.86394352685456,53.57960526831751,-0.1824147598429928
Uni-RT GINKAN,internal_OOD,0238,Deoxycholic acid,20,2011,580,580,20,20,560,560,frozen_backbone_fresh_head,2,best_model.pth,8bce47c00caf9924,1115031.0,3131.0,218.18987181345437,430.113699444403,96.23093508631445,121.0605347017754,-10.615189199281234
Uni-RT GINKAN,internal_OOD,0238,Deoxycholic acid,20,2012,580,580,20,20,560,560,frozen_backbone_fresh_head,2,best_model.pth,8bce47c00caf9924,1115032.0,3132.0,130.19183895199222,189.07972687911007,90.71039066691884,75.23053381933836,-1.2437875829354197
Uni-RT GINKAN,internal_OOD,0238,Deoxycholic acid,20,2016,580,580,20,20,560,560,frozen_backbone_fresh_head,2,best_model.pth,8bce47c00caf9924,1115036.0,3136.0,192.89398874857568,365.3977185301759,105.15757904663526,128.84529824444132,-7.334195820137722
Uni-RT GINKAN,internal_OOD,0238,Deoxycholic acid,20,2020,580,580,20,20,560,560,frozen_backbone_fresh_head,2,best_model.pth,8bce47c00caf9924,1115040.0,3140.0,101.45232318803735,143.78709792373624,73.20998449067855,67.58505430936256,-0.3045561101690475
Uni-RT GINKAN,internal_OOD,0238,Deoxycholic acid,20,2022,580,580,20,20,560,560,frozen_backbone_fresh_head,2,best_model.pth,8bce47c00caf9924,1115042.0,3142.0,135.415235428599,244.139806144204,84.06513281940695,64.23532885463162,-2.7408122983664756
Uni-RT GINKAN,internal_OOD,0238,Deoxycholic acid,20,2027,580,580,20,20,560,560,frozen_backbone_fresh_head,2,best_model.pth,8bce47c00caf9924,1115047.0,3147.0,94.61801057719744,154.62875242992126,56.270539505800386,45.79991489856084,-0.5028681092246468
Uni-RT GINKAN,internal_OOD,0238,Deoxycholic acid,20,2032,580,580,20,20,560,560,frozen_backbone_fresh_head,2,best_model.pth,8bce47c00caf9924,1115052.0,3152.0,84.82079294762792,134.62252469235705,50.25517646223307,44.2336301954119,-0.1462573178275847
Uni-RT GINKAN,internal_OOD,0238,Deoxycholic acid,20,2034,580,580,20,20,560,560,frozen_backbone_fresh_head,2,best_model.pth,8bce47c00caf9924,1115054.0,3154.0,84.11877473203906,116.246805962839,61.90865470692751,49.86463520282293,0.1461987789743333
Uni-RT GINKAN,internal_OOD,0238,Deoxycholic acid,100,2004,580,580,100,100,480,480,frozen_backbone_fresh_head,2,best_model.pth,8bce47c00caf9924,1115104.0,3204.0,58.389553672004894,91.07295066495831,36.45178356405415,32.96413569195356,0.4791352508358187
Uni-RT GINKAN,internal_OOD,0238,Deoxycholic acid,100,2006,580,580,100,100,480,480,frozen_backbone_fresh_head,2,best_model.pth,8bce47c00caf9924,1115106.0,3206.0,69.97480753983136,157.4080690635478,39.16859974277057,38.41683790314086,-0.5554416234605639
Uni-RT GINKAN,internal_OOD,0238,Deoxycholic acid,100,2011,580,580,100,100,480,480,frozen_backbone_fresh_head,2,best_model.pth,8bce47c00caf9924,1115111.0,3211.0,82.87568600857591,208.34156676516557,45.71357270587521,40.848094415398094,-1.6711704392254951
Uni-RT GINKAN,internal_OOD,0238,Deoxycholic acid,100,2012,580,580,100,100,480,480,frozen_backbone_fresh_head,2,best_model.pth,8bce47c00caf9924,1115112.0,3212.0,53.83007307017013,75.27996910042623,37.39052927927844,28.676700554711022,0.6341461810312665
Uni-RT GINKAN,internal_OOD,0238,Deoxycholic acid,100,2016,580,580,100,100,480,480,frozen_backbone_fresh_head,2,best_model.pth,8bce47c00caf9924,1115116.0,3216.0,70.07107647823857,109.57069471055368,44.969094168343105,35.65251116139228,0.243181145243521
Uni-RT GINKAN,internal_OOD,0238,Deoxycholic acid,100,2020,580,580,100,100,480,480,frozen_backbone_fresh_head,2,best_model.pth,8bce47c00caf9924,1115120.0,3220.0,61.772819252128265,88.16255828887563,42.57324226741568,40.88603028911816,0.5112856760438469
Uni-RT GINKAN,internal_OOD,0238,Deoxycholic acid,100,2022,580,580,100,100,480,480,frozen_backbone_fresh_head,2,best_model.pth,8bce47c00caf9924,1115122.0,3222.0,61.637812035544194,93.12322827445088,37.89541370401839,36.35511092897275,0.445653334140908
Uni-RT GINKAN,internal_OOD,0238,Deoxycholic acid,100,2027,580,580,100,100,480,480,frozen_backbone_fresh_head,2,best_model.pth,8bce47c00caf9924,1115127.0,3227.0,68.10046146619395,98.06292733531478,46.135680424266205,38.767320739702065,0.3649728330751525
Uni-RT GINKAN,internal_OOD,0238,Deoxycholic acid,100,2032,580,580,100,100,480,480,frozen_backbone_fresh_head,2,best_model.pth,8bce47c00caf9924,1115132.0,3232.0,62.77095424907915,89.35295837311087,41.48165938185187,37.08888290893333,0.5056436547827898
Uni-RT GINKAN,internal_OOD,0238,Deoxycholic acid,100,2034,580,580,100,100,480,480,frozen_backbone_fresh_head,2,best_model.pth,8bce47c00caf9924,1115134.0,3234.0,78.92957686898886,134.7232071222017,47.96403246404833,40.19881108395668,-0.1728614015615663
